user_id,timestamp,kind,reason,message,minutes_since_break,drop_probability,date
U010,2026-08-03T09:40:00,focus_nudge,10 min of distraction,Still on track? You have drifted for a few minutes - worth a reset.,11.0,0.21453762690264291,2026-08-03
U010,2026-08-03T12:05:00,focus_nudge,10 min of distraction,Still on track? You have drifted for a few minutes - worth a reset.,83.0,0.12196943013026927,2026-08-03
U010,2026-08-03T12:25:00,break_reminder,103 min without a break,Time for a break - you have been at it for 103 minutes. Five minutes away from the screen now beats twenty minutes of drift later.,103.0,0.15490068060098872,2026-08-03
U010,2026-08-03T13:50:00,focus_nudge,10 min of distraction,Still on track? You have drifted for a few minutes - worth a reset.,31.0,0.22755044548961154,2026-08-03
U010,2026-08-03T14:45:00,focus_nudge,10 min of distraction,Still on track? You have drifted for a few minutes - worth a reset.,24.0,0.2108697759711958,2026-08-03
U010,2026-08-04T12:05:00,break_reminder,focus likely to drop (p=0.34) after 59 min,Time for a break - you have been at it for 59 minutes. Five minutes away from the screen now beats twenty minutes of drift later.,59.0,0.3415686718316764,2026-08-04
U010,2026-08-04T12:50:00,break_reminder,104 min without a break,Time for a break - you have been at it for 104 minutes. Five minutes away from the screen now beats twenty minutes of drift later.,104.0,0.09522499821975361,2026-08-04
U010,2026-08-04T14:30:00,break_reminder,focus likely to drop (p=0.27) after 81 min,Time for a break - you have been at it for 81 minutes. Five minutes away from the screen now beats twenty minutes of drift later.,81.0,0.2695885590324943,2026-08-04
U010,2026-08-04T14:50:00,break_reminder,101 min without a break,Time for a break - you have been at it for 101 minutes. Five minutes away from the screen now beats twenty minutes of drift later.,101.0,0.2463899883564139,2026-08-04
U010,2026-08-04T15:05:00,focus_nudge,15 min of distraction,Still on track? You have drifted for a few minutes - worth a reset.,116.0,0.2967490706998802,2026-08-04
U010,2026-08-04T15:40:00,break_reminder,focus likely to drop (p=0.29) after 151 min,Time for a break - you have been at it for 151 minutes. Five minutes away from the screen now beats twenty minutes of drift later.,151.0,0.2861650888184462,2026-08-04
U010,2026-08-05T14:05:00,break_reminder,focus likely to drop (p=0.40) after 50 min,Time for a break - you have been at it for 50 minutes. Five minutes away from the screen now beats twenty minutes of drift later.,50.0,0.3967841421002835,2026-08-05
U010,2026-08-05T14:20:00,focus_nudge,15 min of distraction,Still on track? You have drifted for a few minutes - worth a reset.,65.0,0.17687207840102373,2026-08-05
U010,2026-08-05T14:35:00,focus_nudge,30 min of distraction,Still on track? You have drifted for a few minutes - worth a reset.,80.0,0.4123570162646211,2026-08-05
U010,2026-08-05T14:50:00,focus_nudge,10 min of distraction,Still on track? You have drifted for a few minutes - worth a reset.,95.0,0.25787979556549506,2026-08-05
U010,2026-08-05T15:05:00,break_reminder,110 min without a break,Time for a break - you have been at it for 110 minutes. Five minutes away from the screen now beats twenty minutes of drift later.,110.0,0.2530123210635696,2026-08-05
U010,2026-08-05T15:25:00,break_reminder,focus likely to drop (p=0.29) after 130 min,Time for a break - you have been at it for 130 minutes. Five minutes away from the screen now beats twenty minutes of drift later.,130.0,0.29094636861869005,2026-08-05
U010,2026-08-05T16:10:00,focus_nudge,10 min of distraction,Still on track? You have drifted for a few minutes - worth a reset.,175.0,0.33947817241048034,2026-08-05
U010,2026-08-06T09:05:00,focus_nudge,10 min of distraction,Still on track? You have drifted for a few minutes - worth a reset.,15.0,0.09676505858596296,2026-08-06
U010,2026-08-06T10:30:00,break_reminder,100 min without a break,Time for a break - you have been at it for 100 minutes. Five minutes away from the screen now beats twenty minutes of drift later.,100.0,0.17112788680317603,2026-08-06
U010,2026-08-06T14:35:00,focus_nudge,10 min of distraction,Still on track? You have drifted for a few minutes - worth a reset.,39.0,0.23658340285837276,2026-08-06
U010,2026-08-06T15:40:00,break_reminder,104 min without a break,Time for a break - you have been at it for 104 minutes. Five minutes away from the screen now beats twenty minutes of drift later.,104.0,0.506741736015631,2026-08-06
U010,2026-08-06T15:55:00,focus_nudge,15 min of distraction,Still on track? You have drifted for a few minutes - worth a reset.,119.0,0.41534159866982984,2026-08-06
U010,2026-08-06T16:30:00,focus_nudge,10 min of distraction,Still on track? You have drifted for a few minutes - worth a reset.,22.0,0.06998213329163751,2026-08-06
U010,2026-08-07T13:15:00,focus_nudge,10 min of distraction,Still on track? You have drifted for a few minutes - worth a reset.,0.0,0.032259067591482046,2026-08-07
U010,2026-08-07T14:40:00,focus_nudge,10 min of distraction,Still on track? You have drifted for a few minutes - worth a reset.,41.0,0.3118604372058527,2026-08-07
U010,2026-08-07T14:55:00,focus_nudge,25 min of distraction,Still on track? You have drifted for a few minutes - worth a reset.,56.0,0.41597104657558837,2026-08-07
U010,2026-08-07T15:20:00,focus_nudge,10 min of distraction,Still on track? You have drifted for a few minutes - worth a reset.,81.0,0.20706737199853809,2026-08-07
U010,2026-08-07T15:35:00,break_reminder,focus likely to drop (p=0.26) after 96 min,Time for a break - you have been at it for 96 minutes. Five minutes away from the screen now beats twenty minutes of drift later.,96.0,0.25961780917730426,2026-08-07
U010,2026-08-07T17:40:00,break_reminder,118 min without a break,Time for a break - you have been at it for 118 minutes. Five minutes away from the screen now beats twenty minutes of drift later.,118.0,0.1277134137572244,2026-08-07
U010,2026-08-10T11:55:00,focus_nudge,10 min of distraction,Still on track? You have drifted for a few minutes - worth a reset.,87.0,0.1421903885925447,2026-08-10
U010,2026-08-10T12:10:00,break_reminder,102 min without a break,Time for a break - you have been at it for 102 minutes. Five minutes away from the screen now beats twenty minutes of drift later.,102.0,0.1290682178466513,2026-08-10
U010,2026-08-10T12:35:00,focus_nudge,10 min of distraction,Still on track? You have drifted for a few minutes - worth a reset.,127.0,0.13893959750295476,2026-08-10
U010,2026-08-10T12:50:00,focus_nudge,10 min of distraction,Still on track? You have drifted for a few minutes - worth a reset.,142.0,0.30341908522482985,2026-08-10
U010,2026-08-10T15:25:00,break_reminder,102 min without a break,Time for a break - you have been at it for 102 minutes. Five minutes away from the screen now beats twenty minutes of drift later.,102.0,0.2765037936603328,2026-08-10
U010,2026-08-10T16:55:00,focus_nudge,10 min of distraction,Still on track? You have drifted for a few minutes - worth a reset.,72.0,0.2073555508519722,2026-08-10
U010,2026-08-11T10:25:00,focus_nudge,10 min of distraction,Still on track? You have drifted for a few minutes - worth a reset.,57.0,0.18716967881170213,2026-08-11
U010,2026-08-11T12:30:00,focus_nudge,10 min of distraction,Still on track? You have drifted for a few minutes - worth a reset.,33.0,0.35360863065420944,2026-08-11
U010,2026-08-11T15:35:00,break_reminder,104 min without a break,Time for a break - you have been at it for 104 minutes. Five minutes away from the screen now beats twenty minutes of drift later.,104.0,0.20713935553109644,2026-08-11
U010,2026-08-11T15:50:00,focus_nudge,15 min of distraction,Still on track? You have drifted for a few minutes - worth a reset.,119.0,0.36187143356379553,2026-08-11
U010,2026-08-12T11:10:00,focus_nudge,10 min of distraction,Still on track? You have drifted for a few minutes - worth a reset.,67.0,0.19190800388832355,2026-08-12
U010,2026-08-12T11:40:00,break_reminder,focus likely to drop (p=0.48) after 97 min,Time for a break - you have been at it for 97 minutes. Five minutes away from the screen now beats twenty minutes of drift later.,97.0,0.4824660024506751,2026-08-12
U010,2026-08-12T11:55:00,break_reminder,112 min without a break,Time for a break - you have been at it for 112 minutes. Five minutes away from the screen now beats twenty minutes of drift later.,112.0,0.22120645816924617,2026-08-12
U010,2026-08-12T14:05:00,break_reminder,focus likely to drop (p=0.32) after 34 min,Time for a break - you have been at it for 34 minutes. Five minutes away from the screen now beats twenty minutes of drift later.,34.0,0.3209743786801543,2026-08-12
U010,2026-08-12T14:20:00,break_reminder,focus likely to drop (p=0.26) after 49 min,Time for a break - you have been at it for 49 minutes. Five minutes away from the screen now beats twenty minutes of drift later.,49.0,0.2558061617739065,2026-08-12
U010,2026-08-12T14:40:00,focus_nudge,10 min of distraction,Still on track? You have drifted for a few minutes - worth a reset.,0.0,0.05369695577224142,2026-08-12
U010,2026-08-12T16:10:00,focus_nudge,10 min of distraction,Still on track? You have drifted for a few minutes - worth a reset.,44.0,0.257629069725915,2026-08-12
U010,2026-08-12T18:50:00,break_reminder,101 min without a break,Time for a break - you have been at it for 101 minutes. Five minutes away from the screen now beats twenty minutes of drift later.,101.0,0.18534600899416856,2026-08-12
U010,2026-08-13T11:40:00,focus_nudge,10 min of distraction,Still on track? You have drifted for a few minutes - worth a reset.,67.0,0.29597806916866815,2026-08-13
U010,2026-08-13T12:10:00,focus_nudge,10 min of distraction,Still on track? You have drifted for a few minutes - worth a reset.,15.0,0.09673783311476022,2026-08-13
U010,2026-08-13T14:25:00,focus_nudge,10 min of distraction,Still on track? You have drifted for a few minutes - worth a reset.,23.0,0.29229228482130104,2026-08-13
U010,2026-08-13T18:05:00,focus_nudge,10 min of distraction,Still on track? You have drifted for a few minutes - worth a reset.,26.0,0.21398039358477586,2026-08-13
U010,2026-08-14T12:30:00,break_reminder,100 min without a break,Time for a break - you have been at it for 100 minutes. Five minutes away from the screen now beats twenty minutes of drift later.,100.0,0.13407875606495104,2026-08-14
U010,2026-08-14T13:55:00,break_reminder,focus likely to drop (p=0.39) after 76 min,Time for a break - you have been at it for 76 minutes. Five minutes away from the screen now beats twenty minutes of drift later.,76.0,0.38561782610233375,2026-08-14
U010,2026-08-14T14:15:00,break_reminder,focus likely to drop (p=0.25) after 96 min,Time for a break - you have been at it for 96 minutes. Five minutes away from the screen now beats twenty minutes of drift later.,96.0,0.24675030951788635,2026-08-14
U010,2026-08-14T14:30:00,break_reminder,111 min without a break,Time for a break - you have been at it for 111 minutes. Five minutes away from the screen now beats twenty minutes of drift later.,111.0,0.18177654004116306,2026-08-14
U010,2026-08-14T15:35:00,focus_nudge,10 min of distraction,Still on track? You have drifted for a few minutes - worth a reset.,38.0,0.13097401704958772,2026-08-14
U010,2026-08-14T15:55:00,break_reminder,focus likely to drop (p=0.25) after 58 min,Time for a break - you have been at it for 58 minutes. Five minutes away from the screen now beats twenty minutes of drift later.,58.0,0.24878265614849318,2026-08-14
U010,2026-08-14T16:30:00,focus_nudge,10 min of distraction,Still on track? You have drifted for a few minutes - worth a reset.,93.0,0.30779853043199723,2026-08-14
U010,2026-08-17T10:15:00,focus_nudge,10 min of distraction,Still on track? You have drifted for a few minutes - worth a reset.,24.0,0.1568919051497574,2026-08-17
U010,2026-08-17T10:30:00,focus_nudge,25 min of distraction,Still on track? You have drifted for a few minutes - worth a reset.,39.0,0.1424669150966298,2026-08-17
U010,2026-08-17T11:35:00,break_reminder,104 min without a break,Time for a break - you have been at it for 104 minutes. Five minutes away from the screen now beats twenty minutes of drift later.,104.0,0.1505626797091769,2026-08-17
U010,2026-08-17T11:55:00,break_reminder,focus likely to drop (p=0.53) after 124 min,Time for a break - you have been at it for 124 minutes. Five minutes away from the screen now beats twenty minutes of drift later.,124.0,0.5340834361144126,2026-08-17
U010,2026-08-17T13:15:00,break_reminder,204 min without a break,Time for a break - you have been at it for 204 minutes. Five minutes away from the screen now beats twenty minutes of drift later.,204.0,0.29126963250920085,2026-08-17
U010,2026-08-17T15:45:00,break_reminder,focus likely to drop (p=0.25) after 21 min,Time for a break - you have been at it for 21 minutes. Five minutes away from the screen now beats twenty minutes of drift later.,21.0,0.24807996980575167,2026-08-17
U010,2026-08-17T17:00:00,focus_nudge,10 min of distraction,Still on track? You have drifted for a few minutes - worth a reset.,31.0,0.12638341236033537,2026-08-17
U010,2026-08-17T17:15:00,focus_nudge,25 min of distraction,Still on track? You have drifted for a few minutes - worth a reset.,46.0,0.30467978108446375,2026-08-17
U010,2026-08-17T18:00:00,break_reminder,focus likely to drop (p=0.52) after 88 min,Time for a break - you have been at it for 88 minutes. Five minutes away from the screen now beats twenty minutes of drift later.,88.0,0.5194581783092208,2026-08-17
U010,2026-08-18T11:20:00,break_reminder,focus likely to drop (p=0.32) after 70 min,Time for a break - you have been at it for 70 minutes. Five minutes away from the screen now beats twenty minutes of drift later.,70.0,0.32361772312304776,2026-08-18
U010,2026-08-18T11:50:00,break_reminder,100 min without a break,Time for a break - you have been at it for 100 minutes. Five minutes away from the screen now beats twenty minutes of drift later.,100.0,0.17340735940028554,2026-08-18
U010,2026-08-18T12:10:00,focus_nudge,10 min of distraction,Still on track? You have drifted for a few minutes - worth a reset.,120.0,0.2213291965354539,2026-08-18
U010,2026-08-18T14:20:00,focus_nudge,10 min of distraction,Still on track? You have drifted for a few minutes - worth a reset.,16.0,0.40105379117070034,2026-08-18
U010,2026-08-18T14:35:00,focus_nudge,25 min of distraction,Still on track? You have drifted for a few minutes - worth a reset.,31.0,0.16319348028688033,2026-08-18
U010,2026-08-18T14:50:00,focus_nudge,10 min of distraction,Still on track? You have drifted for a few minutes - worth a reset.,46.0,0.23465437561181823,2026-08-18
U010,2026-08-18T17:30:00,break_reminder,102 min without a break,Time for a break - you have been at it for 102 minutes. Five minutes away from the screen now beats twenty minutes of drift later.,102.0,0.305973344926027,2026-08-18
U010,2026-08-19T15:35:00,focus_nudge,10 min of distraction,Still on track? You have drifted for a few minutes - worth a reset.,68.0,0.38677137708444376,2026-08-19
U010,2026-08-19T15:50:00,focus_nudge,10 min of distraction,Still on track? You have drifted for a few minutes - worth a reset.,83.0,0.3901864031007898,2026-08-19
U010,2026-08-19T16:10:00,break_reminder,103 min without a break,Time for a break - you have been at it for 103 minutes. Five minutes away from the screen now beats twenty minutes of drift later.,103.0,0.18147065891285266,2026-08-19
U010,2026-08-19T16:55:00,break_reminder,focus likely to drop (p=0.33) after 148 min,Time for a break - you have been at it for 148 minutes. Five minutes away from the screen now beats twenty minutes of drift later.,148.0,0.33262371935654916,2026-08-19
U010,2026-08-19T19:35:00,focus_nudge,10 min of distraction,Still on track? You have drifted for a few minutes - worth a reset.,64.0,0.05657756680037917,2026-08-19
U010,2026-08-20T14:55:00,focus_nudge,10 min of distraction,Still on track? You have drifted for a few minutes - worth a reset.,61.0,0.36266379376894553,2026-08-20
U010,2026-08-20T15:55:00,focus_nudge,10 min of distraction,Still on track? You have drifted for a few minutes - worth a reset.,38.0,0.2865272776804523,2026-08-20
U010,2026-08-20T17:00:00,break_reminder,103 min without a break,Time for a break - you have been at it for 103 minutes. Five minutes away from the screen now beats twenty minutes of drift later.,103.0,0.15875184904922876,2026-08-20
U010,2026-08-21T09:45:00,break_reminder,focus likely to drop (p=0.30) after 25 min,Time for a break - you have been at it for 25 minutes. Five minutes away from the screen now beats twenty minutes of drift later.,25.0,0.30330202543444346,2026-08-21
U010,2026-08-21T10:00:00,focus_nudge,15 min of distraction,Still on track? You have drifted for a few minutes - worth a reset.,40.0,0.08633927235843891,2026-08-21
U010,2026-08-21T11:55:00,focus_nudge,10 min of distraction,Still on track? You have drifted for a few minutes - worth a reset.,63.0,0.3055390835247476,2026-08-21
U010,2026-08-21T12:35:00,break_reminder,103 min without a break,Time for a break - you have been at it for 103 minutes. Five minutes away from the screen now beats twenty minutes of drift later.,103.0,0.16512305663102808,2026-08-21
U010,2026-08-21T14:35:00,focus_nudge,10 min of distraction,Still on track? You have drifted for a few minutes - worth a reset.,40.0,0.3673167728923715,2026-08-21
U010,2026-08-21T15:55:00,break_reminder,focus likely to drop (p=0.28) after 59 min,Time for a break - you have been at it for 59 minutes. Five minutes away from the screen now beats twenty minutes of drift later.,59.0,0.27810927380283634,2026-08-21
U010,2026-08-21T16:30:00,focus_nudge,10 min of distraction,Still on track? You have drifted for a few minutes - worth a reset.,19.0,0.16490455436283366,2026-08-21
U010,2026-08-24T15:20:00,focus_nudge,10 min of distraction,Still on track? You have drifted for a few minutes - worth a reset.,18.0,0.2957375952928665,2026-08-24
U010,2026-08-24T15:45:00,focus_nudge,10 min of distraction,Still on track? You have drifted for a few minutes - worth a reset.,43.0,0.2725156158070313,2026-08-24
U010,2026-08-24T16:45:00,break_reminder,103 min without a break,Time for a break - you have been at it for 103 minutes. Five minutes away from the screen now beats twenty minutes of drift later.,103.0,0.26757872953165823,2026-08-24
U010,2026-08-24T17:35:00,focus_nudge,10 min of distraction,Still on track? You have drifted for a few minutes - worth a reset.,153.0,0.24029946892939638,2026-08-24
U010,2026-08-25T09:55:00,break_reminder,focus likely to drop (p=0.31) after 45 min,Time for a break - you have been at it for 45 minutes. Five minutes away from the screen now beats twenty minutes of drift later.,45.0,0.312155352881039,2026-08-25
U010,2026-08-25T10:25:00,break_reminder,focus likely to drop (p=0.37) after 75 min,Time for a break - you have been at it for 75 minutes. Five minutes away from the screen now beats twenty minutes of drift later.,75.0,0.3708116744510083,2026-08-25
U010,2026-08-25T10:50:00,break_reminder,100 min without a break,Time for a break - you have been at it for 100 minutes. Five minutes away from the screen now beats twenty minutes of drift later.,100.0,0.22163632076691908,2026-08-25
U010,2026-08-25T11:10:00,focus_nudge,10 min of distraction,Still on track? You have drifted for a few minutes - worth a reset.,120.0,0.22777747791851513,2026-08-25
U010,2026-08-25T12:55:00,focus_nudge,10 min of distraction,Still on track? You have drifted for a few minutes - worth a reset.,0.0,0.10980958275573718,2026-08-25
U010,2026-08-25T14:15:00,focus_nudge,10 min of distraction,Still on track? You have drifted for a few minutes - worth a reset.,54.0,0.36394202156640504,2026-08-25
U010,2026-08-25T15:35:00,focus_nudge,10 min of distraction,Still on track? You have drifted for a few minutes - worth a reset.,15.0,0.14846179810483565,2026-08-25
U010,2026-08-26T11:30:00,focus_nudge,10 min of distraction,Still on track? You have drifted for a few minutes - worth a reset.,46.0,0.16648338537301816,2026-08-26
U010,2026-08-26T11:45:00,focus_nudge,10 min of distraction,Still on track? You have drifted for a few minutes - worth a reset.,61.0,0.23382790698155853,2026-08-26
U010,2026-08-26T12:00:00,focus_nudge,25 min of distraction,Still on track? You have drifted for a few minutes - worth a reset.,76.0,0.22644445264587906,2026-08-26
U010,2026-08-26T12:15:00,focus_nudge,40 min of distraction,Still on track? You have drifted for a few minutes - worth a reset.,0.0,0.02707167511319853,2026-08-26
U010,2026-08-26T14:00:00,break_reminder,103 min without a break,Time for a break - you have been at it for 103 minutes. Five minutes away from the screen now beats twenty minutes of drift later.,103.0,0.22783147920604407,2026-08-26
U010,2026-08-27T10:25:00,focus_nudge,10 min of distraction,Still on track? You have drifted for a few minutes - worth a reset.,32.0,0.20620251440893955,2026-08-27
U010,2026-08-27T11:50:00,focus_nudge,10 min of distraction,Still on track? You have drifted for a few minutes - worth a reset.,59.0,0.196746484450205,2026-08-27
U010,2026-08-27T13:10:00,focus_nudge,10 min of distraction,Still on track? You have drifted for a few minutes - worth a reset.,46.0,0.2370977229514355,2026-08-27
U010,2026-08-27T14:55:00,break_reminder,focus likely to drop (p=0.44) after 42 min,Time for a break - you have been at it for 42 minutes. Five minutes away from the screen now beats twenty minutes of drift later.,42.0,0.443180339314736,2026-08-27
U010,2026-08-27T15:20:00,focus_nudge,10 min of distraction,Still on track? You have drifted for a few minutes - worth a reset.,67.0,0.3144921363340125,2026-08-27
U010,2026-08-28T10:10:00,focus_nudge,10 min of distraction,Still on track? You have drifted for a few minutes - worth a reset.,42.0,0.08964741661582673,2026-08-28
U010,2026-08-28T13:45:00,focus_nudge,10 min of distraction,Still on track? You have drifted for a few minutes - worth a reset.,18.0,0.2164202598346184,2026-08-28
U010,2026-08-28T14:15:00,break_reminder,focus likely to drop (p=0.32) after 48 min,Time for a break - you have been at it for 48 minutes. Five minutes away from the screen now beats twenty minutes of drift later.,48.0,0.3225380109335949,2026-08-28
U010,2026-08-28T16:15:00,break_reminder,104 min without a break,Time for a break - you have been at it for 104 minutes. Five minutes away from the screen now beats twenty minutes of drift later.,104.0,0.327819808111324,2026-08-28
U010,2026-08-28T19:05:00,focus_nudge,10 min of distraction,Still on track? You have drifted for a few minutes - worth a reset.,93.0,0.15687686263294104,2026-08-28
U010,2026-08-28T19:20:00,break_reminder,106 min without a break,Time for a break - you have been at it for 106 minutes. Five minutes away from the screen now beats twenty minutes of drift later.,106.0,0.0781812892279249,2026-08-28
U012,2026-08-03T10:00:00,focus_nudge,10 min of distraction,Still on track? You have drifted for a few minutes - worth a reset.,51.0,0.11188260600473497,2026-08-03
U012,2026-08-03T11:10:00,break_reminder,121 min without a break,Time for a break - you have been at it for 121 minutes. Five minutes away from the screen now beats twenty minutes of drift later.,121.0,0.13763566257829896,2026-08-03
U012,2026-08-03T12:15:00,break_reminder,focus likely to drop (p=0.25) after 186 min,Time for a break - you have been at it for 186 minutes. Five minutes away from the screen now beats twenty minutes of drift later.,186.0,0.2474376755843187,2026-08-03
U012,2026-08-03T13:40:00,focus_nudge,10 min of distraction,Still on track? You have drifted for a few minutes - worth a reset.,29.0,0.34437915480976117,2026-08-03
U012,2026-08-04T11:05:00,break_reminder,104 min without a break,Time for a break - you have been at it for 104 minutes. Five minutes away from the screen now beats twenty minutes of drift later.,104.0,0.1598784027051854,2026-08-04
U012,2026-08-04T13:25:00,focus_nudge,10 min of distraction,Still on track? You have drifted for a few minutes - worth a reset.,78.0,0.24249936459307675,2026-08-04
U012,2026-08-04T13:55:00,break_reminder,108 min without a break,Time for a break - you have been at it for 108 minutes. Five minutes away from the screen now beats twenty minutes of drift later.,108.0,0.17139909165356582,2026-08-04
U012,2026-08-04T15:00:00,focus_nudge,10 min of distraction,Still on track? You have drifted for a few minutes - worth a reset.,7.0,0.27427063280964037,2026-08-04
U012,2026-08-05T10:45:00,break_reminder,focus likely to drop (p=0.27) after 93 min,Time for a break - you have been at it for 93 minutes. Five minutes away from the screen now beats twenty minutes of drift later.,93.0,0.273191938322599,2026-08-05
U012,2026-08-05T11:00:00,break_reminder,108 min without a break,Time for a break - you have been at it for 108 minutes. Five minutes away from the screen now beats twenty minutes of drift later.,108.0,0.22114755585618298,2026-08-05
U012,2026-08-05T11:15:00,break_reminder,focus likely to drop (p=0.33) after 123 min,Time for a break - you have been at it for 123 minutes. Five minutes away from the screen now beats twenty minutes of drift later.,123.0,0.32610168029223696,2026-08-05
U012,2026-08-05T13:20:00,focus_nudge,10 min of distraction,Still on track? You have drifted for a few minutes - worth a reset.,47.0,0.3341497790953847,2026-08-05
U012,2026-08-05T13:35:00,focus_nudge,25 min of distraction,Still on track? You have drifted for a few minutes - worth a reset.,62.0,0.13073941249929608,2026-08-05
U012,2026-08-05T15:15:00,break_reminder,focus likely to drop (p=0.30) after 50 min,Time for a break - you have been at it for 50 minutes. Five minutes away from the screen now beats twenty minutes of drift later.,50.0,0.30206076791704967,2026-08-05
U012,2026-08-06T11:00:00,focus_nudge,10 min of distraction,Still on track? You have drifted for a few minutes - worth a reset.,92.0,0.2937561493891244,2026-08-06
U012,2026-08-06T11:15:00,break_reminder,107 min without a break,Time for a break - you have been at it for 107 minutes. Five minutes away from the screen now beats twenty minutes of drift later.,107.0,0.20172670806272713,2026-08-06
U012,2026-08-06T11:30:00,focus_nudge,15 min of distraction,Still on track? You have drifted for a few minutes - worth a reset.,122.0,0.2521843494974564,2026-08-06
U012,2026-08-06T13:50:00,break_reminder,117 min without a break,Time for a break - you have been at it for 117 minutes. Five minutes away from the screen now beats twenty minutes of drift later.,117.0,0.16036728397364164,2026-08-06
U012,2026-08-06T15:00:00,break_reminder,focus likely to drop (p=0.31) after 50 min,Time for a break - you have been at it for 50 minutes. Five minutes away from the screen now beats twenty minutes of drift later.,50.0,0.3111727783362364,2026-08-06
U012,2026-08-06T15:20:00,break_reminder,focus likely to drop (p=0.28) after 70 min,Time for a break - you have been at it for 70 minutes. Five minutes away from the screen now beats twenty minutes of drift later.,70.0,0.2781978955622504,2026-08-06
U012,2026-08-06T16:55:00,break_reminder,focus likely to drop (p=0.25) after 91 min,Time for a break - you have been at it for 91 minutes. Five minutes away from the screen now beats twenty minutes of drift later.,91.0,0.24849972499965603,2026-08-06
U012,2026-08-06T17:10:00,break_reminder,106 min without a break,Time for a break - you have been at it for 106 minutes. Five minutes away from the screen now beats twenty minutes of drift later.,106.0,0.08432531869291737,2026-08-06
U012,2026-08-07T11:20:00,focus_nudge,10 min of distraction,Still on track? You have drifted for a few minutes - worth a reset.,20.0,0.24335284996727324,2026-08-07
U012,2026-08-07T12:50:00,focus_nudge,10 min of distraction,Still on track? You have drifted for a few minutes - worth a reset.,56.0,0.3255253438559497,2026-08-07
U012,2026-08-07T13:40:00,break_reminder,106 min without a break,Time for a break - you have been at it for 106 minutes. Five minutes away from the screen now beats twenty minutes of drift later.,106.0,0.16242626132175744,2026-08-07
U012,2026-08-07T14:15:00,focus_nudge,10 min of distraction,Still on track? You have drifted for a few minutes - worth a reset.,19.0,0.5080575869127815,2026-08-07
U012,2026-08-07T14:50:00,focus_nudge,10 min of distraction,Still on track? You have drifted for a few minutes - worth a reset.,54.0,0.2930990724634075,2026-08-07
U012,2026-08-07T15:10:00,break_reminder,focus likely to drop (p=0.35) after 74 min,Time for a break - you have been at it for 74 minutes. Five minutes away from the screen now beats twenty minutes of drift later.,74.0,0.3496880939884183,2026-08-07
U012,2026-08-07T15:25:00,break_reminder,focus likely to drop (p=0.25) after 89 min,Time for a break - you have been at it for 89 minutes. Five minutes away from the screen now beats twenty minutes of drift later.,89.0,0.24620159738864036,2026-08-07
U012,2026-08-07T15:40:00,break_reminder,104 min without a break,Time for a break - you have been at it for 104 minutes. Five minutes away from the screen now beats twenty minutes of drift later.,104.0,0.40331715619119923,2026-08-07
U012,2026-08-10T14:00:00,focus_nudge,10 min of distraction,Still on track? You have drifted for a few minutes - worth a reset.,88.0,0.39030145554259293,2026-08-10
U012,2026-08-10T15:00:00,break_reminder,148 min without a break,Time for a break - you have been at it for 148 minutes. Five minutes away from the screen now beats twenty minutes of drift later.,148.0,0.18481542422317854,2026-08-10
U012,2026-08-10T15:40:00,focus_nudge,10 min of distraction,Still on track? You have drifted for a few minutes - worth a reset.,28.0,0.30315234628935495,2026-08-10
U012,2026-08-10T16:35:00,focus_nudge,10 min of distraction,Still on track? You have drifted for a few minutes - worth a reset.,83.0,0.3655792564361484,2026-08-10
U012,2026-08-10T16:50:00,focus_nudge,25 min of distraction,Still on track? You have drifted for a few minutes - worth a reset.,98.0,0.2525741589713082,2026-08-10
U012,2026-08-11T12:15:00,break_reminder,104 min without a break,Time for a break - you have been at it for 104 minutes. Five minutes away from the screen now beats twenty minutes of drift later.,104.0,0.1903694534039621,2026-08-11
U012,2026-08-11T12:30:00,break_reminder,focus likely to drop (p=0.27) after 119 min,Time for a break - you have been at it for 119 minutes. Five minutes away from the screen now beats twenty minutes of drift later.,119.0,0.26890912045924587,2026-08-11
U012,2026-08-11T12:45:00,focus_nudge,15 min of distraction,Still on track? You have drifted for a few minutes - worth a reset.,134.0,0.21509168681127896,2026-08-11
U012,2026-08-11T14:20:00,break_reminder,focus likely to drop (p=0.29) after 84 min,Time for a break - you have been at it for 84 minutes. Five minutes away from the screen now beats twenty minutes of drift later.,84.0,0.29497107501658254,2026-08-11
U012,2026-08-12T10:45:00,focus_nudge,10 min of distraction,Still on track? You have drifted for a few minutes - worth a reset.,58.0,0.2640668866017197,2026-08-12
U012,2026-08-12T13:25:00,focus_nudge,10 min of distraction,Still on track? You have drifted for a few minutes - worth a reset.,16.0,0.19714422955811617,2026-08-12
U012,2026-08-12T15:10:00,break_reminder,focus likely to drop (p=0.28) after 44 min,Time for a break - you have been at it for 44 minutes. Five minutes away from the screen now beats twenty minutes of drift later.,44.0,0.27886552620402005,2026-08-12
U012,2026-08-12T16:25:00,focus_nudge,10 min of distraction,Still on track? You have drifted for a few minutes - worth a reset.,69.0,0.3584837935769008,2026-08-12
U012,2026-08-13T12:15:00,focus_nudge,10 min of distraction,Still on track? You have drifted for a few minutes - worth a reset.,46.0,0.2944713551776338,2026-08-13
U012,2026-08-13T14:05:00,break_reminder,102 min without a break,Time for a break - you have been at it for 102 minutes. Five minutes away from the screen now beats twenty minutes of drift later.,102.0,0.3294426322321041,2026-08-13
U012,2026-08-13T14:35:00,break_reminder,focus likely to drop (p=0.28) after 26 min,Time for a break - you have been at it for 26 minutes. Five minutes away from the screen now beats twenty minutes of drift later.,26.0,0.27602201380072333,2026-08-13
U012,2026-08-13T14:50:00,break_reminder,focus likely to drop (p=0.25) after 41 min,Time for a break - you have been at it for 41 minutes. Five minutes away from the screen now beats twenty minutes of drift later.,41.0,0.24768782720058793,2026-08-13
U012,2026-08-13T15:05:00,break_reminder,focus likely to drop (p=0.26) after 55 min,Time for a break - you have been at it for 55 minutes. Five minutes away from the screen now beats twenty minutes of drift later.,55.0,0.25963994041606003,2026-08-13
U012,2026-08-14T11:20:00,break_reminder,101 min without a break,Time for a break - you have been at it for 101 minutes. Five minutes away from the screen now beats twenty minutes of drift later.,101.0,0.1949863016502475,2026-08-14
U012,2026-08-14T13:15:00,break_reminder,101 min without a break,Time for a break - you have been at it for 101 minutes. Five minutes away from the screen now beats twenty minutes of drift later.,101.0,0.4795396180276236,2026-08-14
U012,2026-08-14T13:30:00,focus_nudge,25 min of distraction,Still on track? You have drifted for a few minutes - worth a reset.,116.0,0.22308538013656648,2026-08-14
U012,2026-08-14T14:10:00,focus_nudge,10 min of distraction,Still on track? You have drifted for a few minutes - worth a reset.,24.0,0.3564133239970669,2026-08-14
U012,2026-08-17T11:50:00,break_reminder,focus likely to drop (p=0.44) after 97 min,Time for a break - you have been at it for 97 minutes. Five minutes away from the screen now beats twenty minutes of drift later.,97.0,0.4368754562600907,2026-08-17
U012,2026-08-17T12:05:00,break_reminder,112 min without a break,Time for a break - you have been at it for 112 minutes. Five minutes away from the screen now beats twenty minutes of drift later.,112.0,0.29832559988731067,2026-08-17
U012,2026-08-17T14:25:00,break_reminder,focus likely to drop (p=0.30) after 56 min,Time for a break - you have been at it for 56 minutes. Five minutes away from the screen now beats twenty minutes of drift later.,56.0,0.3039225332864378,2026-08-17
U012,2026-08-17T14:40:00,break_reminder,focus likely to drop (p=0.27) after 71 min,Time for a break - you have been at it for 71 minutes. Five minutes away from the screen now beats twenty minutes of drift later.,71.0,0.2662470333512492,2026-08-17
U012,2026-08-17T14:55:00,break_reminder,focus likely to drop (p=0.25) after 86 min,Time for a break - you have been at it for 86 minutes. Five minutes away from the screen now beats twenty minutes of drift later.,86.0,0.245656360661931,2026-08-17
U012,2026-08-17T15:50:00,break_reminder,141 min without a break,Time for a break - you have been at it for 141 minutes. Five minutes away from the screen now beats twenty minutes of drift later.,141.0,0.20216385908657025,2026-08-17
U012,2026-08-17T16:05:00,focus_nudge,10 min of distraction,Still on track? You have drifted for a few minutes - worth a reset.,156.0,0.367164695631767,2026-08-17
U012,2026-08-17T16:20:00,focus_nudge,10 min of distraction,Still on track? You have drifted for a few minutes - worth a reset.,171.0,0.2993706398741253,2026-08-17
U012,2026-08-18T10:35:00,focus_nudge,10 min of distraction,Still on track? You have drifted for a few minutes - worth a reset.,20.0,0.067171311628673,2026-08-18
U012,2026-08-18T13:10:00,break_reminder,110 min without a break,Time for a break - you have been at it for 110 minutes. Five minutes away from the screen now beats twenty minutes of drift later.,110.0,0.11003988576541142,2026-08-18
U012,2026-08-18T13:40:00,focus_nudge,10 min of distraction,Still on track? You have drifted for a few minutes - worth a reset.,26.0,0.16275996993560204,2026-08-18
U012,2026-08-18T13:55:00,focus_nudge,25 min of distraction,Still on track? You have drifted for a few minutes - worth a reset.,41.0,0.25365303271249595,2026-08-18
U012,2026-08-18T15:05:00,break_reminder,111 min without a break,Time for a break - you have been at it for 111 minutes. Five minutes away from the screen now beats twenty minutes of drift later.,111.0,0.25142650780251424,2026-08-18
U012,2026-08-18T15:25:00,break_reminder,focus likely to drop (p=0.29) after 131 min,Time for a break - you have been at it for 131 minutes. Five minutes away from the screen now beats twenty minutes of drift later.,131.0,0.2926584518121393,2026-08-18
U012,2026-08-19T15:10:00,break_reminder,focus likely to drop (p=0.60) after 51 min,Time for a break - you have been at it for 51 minutes. Five minutes away from the screen now beats twenty minutes of drift later.,51.0,0.6020884302881713,2026-08-19
U012,2026-08-19T16:40:00,break_reminder,focus likely to drop (p=0.32) after 79 min,Time for a break - you have been at it for 79 minutes. Five minutes away from the screen now beats twenty minutes of drift later.,79.0,0.3236711940177855,2026-08-19
U012,2026-08-20T11:45:00,focus_nudge,10 min of distraction,Still on track? You have drifted for a few minutes - worth a reset.,92.0,0.32260525971544035,2026-08-20
U012,2026-08-20T12:00:00,break_reminder,107 min without a break,Time for a break - you have been at it for 107 minutes. Five minutes away from the screen now beats twenty minutes of drift later.,107.0,0.19021224243458482,2026-08-20
U012,2026-08-20T14:00:00,break_reminder,focus likely to drop (p=0.28) after 89 min,Time for a break - you have been at it for 89 minutes. Five minutes away from the screen now beats twenty minutes of drift later.,89.0,0.2842967839443656,2026-08-20
U012,2026-08-20T14:55:00,break_reminder,144 min without a break,Time for a break - you have been at it for 144 minutes. Five minutes away from the screen now beats twenty minutes of drift later.,144.0,0.4773120233964651,2026-08-20
U012,2026-08-20T15:10:00,break_reminder,focus likely to drop (p=0.40) after 159 min,Time for a break - you have been at it for 159 minutes. Five minutes away from the screen now beats twenty minutes of drift later.,159.0,0.4015900904187935,2026-08-20
U012,2026-08-21T10:35:00,break_reminder,focus likely to drop (p=0.42) after 55 min,Time for a break - you have been at it for 55 minutes. Five minutes away from the screen now beats twenty minutes of drift later.,55.0,0.4168907731011164,2026-08-21
U012,2026-08-21T11:15:00,break_reminder,focus likely to drop (p=0.24) after 95 min,Time for a break - you have been at it for 95 minutes. Five minutes away from the screen now beats twenty minutes of drift later.,95.0,0.24483620418847346,2026-08-21
U012,2026-08-21T11:30:00,break_reminder,110 min without a break,Time for a break - you have been at it for 110 minutes. Five minutes away from the screen now beats twenty minutes of drift later.,110.0,0.1964371675720352,2026-08-21
U012,2026-08-21T14:10:00,break_reminder,focus likely to drop (p=0.44) after 36 min,Time for a break - you have been at it for 36 minutes. Five minutes away from the screen now beats twenty minutes of drift later.,36.0,0.44173544740094395,2026-08-21
U012,2026-08-21T14:35:00,break_reminder,focus likely to drop (p=0.26) after 61 min,Time for a break - you have been at it for 61 minutes. Five minutes away from the screen now beats twenty minutes of drift later.,61.0,0.2606327550089039,2026-08-21
U012,2026-08-24T09:50:00,focus_nudge,10 min of distraction,Still on track? You have drifted for a few minutes - worth a reset.,23.0,0.10499096570054134,2026-08-24
U012,2026-08-24T12:55:00,focus_nudge,10 min of distraction,Still on track? You have drifted for a few minutes - worth a reset.,30.0,0.16265771322158995,2026-08-24
U012,2026-08-24T14:25:00,break_reminder,focus likely to drop (p=0.46) after 20 min,Time for a break - you have been at it for 20 minutes. Five minutes away from the screen now beats twenty minutes of drift later.,20.0,0.4563616664665629,2026-08-24
U012,2026-08-24T15:25:00,break_reminder,focus likely to drop (p=0.27) after 80 min,Time for a break - you have been at it for 80 minutes. Five minutes away from the screen now beats twenty minutes of drift later.,80.0,0.27076304833960946,2026-08-24
U012,2026-08-24T15:40:00,break_reminder,focus likely to drop (p=0.24) after 95 min,Time for a break - you have been at it for 95 minutes. Five minutes away from the screen now beats twenty minutes of drift later.,95.0,0.24464144537159527,2026-08-24
U012,2026-08-24T15:55:00,break_reminder,110 min without a break,Time for a break - you have been at it for 110 minutes. Five minutes away from the screen now beats twenty minutes of drift later.,110.0,0.33489319139191726,2026-08-24
U012,2026-08-24T17:20:00,focus_nudge,10 min of distraction,Still on track? You have drifted for a few minutes - worth a reset.,20.0,0.14962571490168422,2026-08-24
U012,2026-08-25T10:00:00,focus_nudge,10 min of distraction,Still on track? You have drifted for a few minutes - worth a reset.,37.0,0.30548334175821434,2026-08-25
U012,2026-08-25T10:15:00,focus_nudge,25 min of distraction,Still on track? You have drifted for a few minutes - worth a reset.,52.0,0.15162322924922836,2026-08-25
U012,2026-08-25T11:15:00,break_reminder,112 min without a break,Time for a break - you have been at it for 112 minutes. Five minutes away from the screen now beats twenty minutes of drift later.,112.0,0.19050128992818602,2026-08-25
U012,2026-08-25T11:30:00,focus_nudge,20 min of distraction,Still on track? You have drifted for a few minutes - worth a reset.,127.0,0.16780328139348025,2026-08-25
U012,2026-08-25T11:55:00,focus_nudge,10 min of distraction,Still on track? You have drifted for a few minutes - worth a reset.,152.0,0.48347936542376846,2026-08-25
U012,2026-08-25T13:00:00,break_reminder,217 min without a break,Time for a break - you have been at it for 217 minutes. Five minutes away from the screen now beats twenty minutes of drift later.,217.0,0.44401943575258057,2026-08-25
U012,2026-08-25T16:10:00,break_reminder,102 min without a break,Time for a break - you have been at it for 102 minutes. Five minutes away from the screen now beats twenty minutes of drift later.,102.0,0.18287445398748206,2026-08-25
U012,2026-08-26T08:55:00,focus_nudge,10 min of distraction,Still on track? You have drifted for a few minutes - worth a reset.,0.0,0.04918143621312872,2026-08-26
U012,2026-08-26T09:45:00,break_reminder,focus likely to drop (p=0.25) after 46 min,Time for a break - you have been at it for 46 minutes. Five minutes away from the screen now beats twenty minutes of drift later.,46.0,0.24794374223953305,2026-08-26
U012,2026-08-26T10:30:00,focus_nudge,10 min of distraction,Still on track? You have drifted for a few minutes - worth a reset.,36.0,0.19744752352926198,2026-08-26
U012,2026-08-26T12:40:00,focus_nudge,10 min of distraction,Still on track? You have drifted for a few minutes - worth a reset.,78.0,0.2527576337422504,2026-08-26
U012,2026-08-26T12:55:00,focus_nudge,25 min of distraction,Still on track? You have drifted for a few minutes - worth a reset.,93.0,0.31675287730071006,2026-08-26
U012,2026-08-26T13:10:00,break_reminder,108 min without a break,Time for a break - you have been at it for 108 minutes. Five minutes away from the screen now beats twenty minutes of drift later.,108.0,0.2727335086666179,2026-08-26
U012,2026-08-27T09:45:00,break_reminder,focus likely to drop (p=0.39) after 45 min,Time for a break - you have been at it for 45 minutes. Five minutes away from the screen now beats twenty minutes of drift later.,45.0,0.39003523581146926,2026-08-27
U012,2026-08-27T10:00:00,focus_nudge,15 min of distraction,Still on track? You have drifted for a few minutes - worth a reset.,60.0,0.14790426724976666,2026-08-27
U012,2026-08-27T10:40:00,break_reminder,100 min without a break,Time for a break - you have been at it for 100 minutes. Five minutes away from the screen now beats twenty minutes of drift later.,100.0,0.17572350733826467,2026-08-27
U012,2026-08-27T12:40:00,break_reminder,100 min without a break,Time for a break - you have been at it for 100 minutes. Five minutes away from the screen now beats twenty minutes of drift later.,100.0,0.16628124987645992,2026-08-27
U012,2026-08-27T15:10:00,focus_nudge,10 min of distraction,Still on track? You have drifted for a few minutes - worth a reset.,42.0,0.3373011876230923,2026-08-27
U012,2026-08-27T15:40:00,break_reminder,focus likely to drop (p=0.27) after 72 min,Time for a break - you have been at it for 72 minutes. Five minutes away from the screen now beats twenty minutes of drift later.,72.0,0.2731343547622406,2026-08-27
U012,2026-08-28T10:50:00,break_reminder,102 min without a break,Time for a break - you have been at it for 102 minutes. Five minutes away from the screen now beats twenty minutes of drift later.,102.0,0.26076116497605595,2026-08-28
U012,2026-08-28T11:55:00,focus_nudge,10 min of distraction,Still on track? You have drifted for a few minutes - worth a reset.,49.0,0.18521032740713841,2026-08-28
U012,2026-08-28T14:15:00,break_reminder,focus likely to drop (p=0.25) after 36 min,Time for a break - you have been at it for 36 minutes. Five minutes away from the screen now beats twenty minutes of drift later.,36.0,0.25326576688631763,2026-08-28
U012,2026-08-28T14:35:00,focus_nudge,10 min of distraction,Still on track? You have drifted for a few minutes - worth a reset.,56.0,0.2415570935523309,2026-08-28
U012,2026-08-28T15:20:00,break_reminder,100 min without a break,Time for a break - you have been at it for 100 minutes. Five minutes away from the screen now beats twenty minutes of drift later.,100.0,0.2295264000437896,2026-08-28
U012,2026-08-28T15:35:00,focus_nudge,15 min of distraction,Still on track? You have drifted for a few minutes - worth a reset.,115.0,0.3975230388086588,2026-08-28
U012,2026-08-28T16:35:00,break_reminder,focus likely to drop (p=0.31) after 175 min,Time for a break - you have been at it for 175 minutes. Five minutes away from the screen now beats twenty minutes of drift later.,175.0,0.31078005983125156,2026-08-28
U012,2026-08-28T17:30:00,break_reminder,230 min without a break,Time for a break - you have been at it for 230 minutes. Five minutes away from the screen now beats twenty minutes of drift later.,230.0,0.3773578650635889,2026-08-28
U013,2026-08-03T08:20:00,focus_nudge,10 min of distraction,Still on track? You have drifted for a few minutes - worth a reset.,8.0,0.30071538146880694,2026-08-03
U013,2026-08-03T09:55:00,break_reminder,103 min without a break,Time for a break - you have been at it for 103 minutes. Five minutes away from the screen now beats twenty minutes of drift later.,103.0,0.28216863167324074,2026-08-03
U013,2026-08-03T11:00:00,break_reminder,focus likely to drop (p=0.61) after 168 min,Time for a break - you have been at it for 168 minutes. Five minutes away from the screen now beats twenty minutes of drift later.,168.0,0.6068274128293962,2026-08-03
U013,2026-08-03T11:55:00,focus_nudge,10 min of distraction,Still on track? You have drifted for a few minutes - worth a reset.,34.0,0.22220430828516455,2026-08-03
U013,2026-08-03T14:00:00,break_reminder,focus likely to drop (p=0.34) after 28 min,Time for a break - you have been at it for 28 minutes. Five minutes away from the screen now beats twenty minutes of drift later.,28.0,0.33870656623113404,2026-08-03
U013,2026-08-03T14:15:00,focus_nudge,15 min of distraction,Still on track? You have drifted for a few minutes - worth a reset.,43.0,0.5049774746591773,2026-08-03
U013,2026-08-03T15:05:00,focus_nudge,10 min of distraction,Still on track? You have drifted for a few minutes - worth a reset.,38.0,0.35987142765303387,2026-08-03
U013,2026-08-03T15:20:00,break_reminder,focus likely to drop (p=0.25) after 53 min,Time for a break - you have been at it for 53 minutes. Five minutes away from the screen now beats twenty minutes of drift later.,53.0,0.2490354245406338,2026-08-03
U013,2026-08-03T15:35:00,break_reminder,focus likely to drop (p=0.25) after 68 min,Time for a break - you have been at it for 68 minutes. Five minutes away from the screen now beats twenty minutes of drift later.,68.0,0.25128232820742796,2026-08-03
U013,2026-08-03T15:55:00,break_reminder,focus likely to drop (p=0.32) after 88 min,Time for a break - you have been at it for 88 minutes. Five minutes away from the screen now beats twenty minutes of drift later.,88.0,0.3173542318056275,2026-08-03
U013,2026-08-04T08:35:00,break_reminder,focus likely to drop (p=0.28) after 27 min,Time for a break - you have been at it for 27 minutes. Five minutes away from the screen now beats twenty minutes of drift later.,27.0,0.28496216735028473,2026-08-04
U013,2026-08-04T08:55:00,focus_nudge,10 min of distraction,Still on track? You have drifted for a few minutes - worth a reset.,47.0,0.1551132255854156,2026-08-04
U013,2026-08-04T09:25:00,focus_nudge,10 min of distraction,Still on track? You have drifted for a few minutes - worth a reset.,77.0,0.17950277268211404,2026-08-04
U013,2026-08-04T09:50:00,break_reminder,102 min without a break,Time for a break - you have been at it for 102 minutes. Five minutes away from the screen now beats twenty minutes of drift later.,102.0,0.1851525776287509,2026-08-04
U013,2026-08-04T14:15:00,break_reminder,focus likely to drop (p=0.28) after 43 min,Time for a break - you have been at it for 43 minutes. Five minutes away from the screen now beats twenty minutes of drift later.,43.0,0.2834337068885197,2026-08-04
U013,2026-08-06T08:45:00,focus_nudge,10 min of distraction,Still on track? You have drifted for a few minutes - worth a reset.,59.0,0.2000654001590467,2026-08-06
U013,2026-08-06T10:35:00,focus_nudge,10 min of distraction,Still on track? You have drifted for a few minutes - worth a reset.,62.0,0.18746130457903903,2026-08-06
U013,2026-08-06T14:00:00,break_reminder,focus likely to drop (p=0.26) after 53 min,Time for a break - you have been at it for 53 minutes. Five minutes away from the screen now beats twenty minutes of drift later.,53.0,0.2649928742216587,2026-08-06
U013,2026-08-06T14:15:00,break_reminder,focus likely to drop (p=0.37) after 68 min,Time for a break - you have been at it for 68 minutes. Five minutes away from the screen now beats twenty minutes of drift later.,68.0,0.3709334574701828,2026-08-06
U013,2026-08-06T14:30:00,focus_nudge,15 min of distraction,Still on track? You have drifted for a few minutes - worth a reset.,83.0,0.3493474272012614,2026-08-06
U013,2026-08-06T14:45:00,break_reminder,focus likely to drop (p=0.27) after 98 min,Time for a break - you have been at it for 98 minutes. Five minutes away from the screen now beats twenty minutes of drift later.,98.0,0.26917282585320357,2026-08-06
U013,2026-08-06T15:00:00,focus_nudge,15 min of distraction,Still on track? You have drifted for a few minutes - worth a reset.,0.0,0.047593352291629185,2026-08-06
U013,2026-08-06T16:50:00,break_reminder,focus likely to drop (p=0.29) after 29 min,Time for a break - you have been at it for 29 minutes. Five minutes away from the screen now beats twenty minutes of drift later.,29.0,0.2911466803692108,2026-08-06
U013,2026-08-07T09:45:00,break_reminder,focus likely to drop (p=0.30) after 64 min,Time for a break - you have been at it for 64 minutes. Five minutes away from the screen now beats twenty minutes of drift later.,64.0,0.3027510213252724,2026-08-07
U013,2026-08-07T10:25:00,break_reminder,104 min without a break,Time for a break - you have been at it for 104 minutes. Five minutes away from the screen now beats twenty minutes of drift later.,104.0,0.09255209486389777,2026-08-07
U013,2026-08-07T12:20:00,break_reminder,focus likely to drop (p=0.41) after 79 min,Time for a break - you have been at it for 79 minutes. Five minutes away from the screen now beats twenty minutes of drift later.,79.0,0.40576827448458264,2026-08-07
U013,2026-08-07T13:10:00,break_reminder,129 min without a break,Time for a break - you have been at it for 129 minutes. Five minutes away from the screen now beats twenty minutes of drift later.,129.0,0.15481251731551612,2026-08-07
U013,2026-08-07T13:30:00,break_reminder,focus likely to drop (p=0.32) after 149 min,Time for a break - you have been at it for 149 minutes. Five minutes away from the screen now beats twenty minutes of drift later.,149.0,0.3196186419001234,2026-08-07
U013,2026-08-07T14:15:00,break_reminder,focus likely to drop (p=0.58) after 42 min,Time for a break - you have been at it for 42 minutes. Five minutes away from the screen now beats twenty minutes of drift later.,42.0,0.5806863875696391,2026-08-07
U013,2026-08-07T14:30:00,focus_nudge,15 min of distraction,Still on track? You have drifted for a few minutes - worth a reset.,57.0,0.4620256358536911,2026-08-07
U013,2026-08-07T15:10:00,focus_nudge,10 min of distraction,Still on track? You have drifted for a few minutes - worth a reset.,23.0,0.4337419665074051,2026-08-07
U013,2026-08-07T15:25:00,focus_nudge,25 min of distraction,Still on track? You have drifted for a few minutes - worth a reset.,38.0,0.2664893311407959,2026-08-07
U013,2026-08-07T16:45:00,focus_nudge,10 min of distraction,Still on track? You have drifted for a few minutes - worth a reset.,68.0,0.2074021821007103,2026-08-07
U013,2026-08-10T09:45:00,break_reminder,103 min without a break,Time for a break - you have been at it for 103 minutes. Five minutes away from the screen now beats twenty minutes of drift later.,103.0,0.1554660041931778,2026-08-10
U013,2026-08-10T10:05:00,focus_nudge,10 min of distraction,Still on track? You have drifted for a few minutes - worth a reset.,123.0,0.31565207319254307,2026-08-10
U013,2026-08-10T15:25:00,break_reminder,focus likely to drop (p=0.29) after 90 min,Time for a break - you have been at it for 90 minutes. Five minutes away from the screen now beats twenty minutes of drift later.,90.0,0.28802062222273866,2026-08-10
U013,2026-08-10T15:40:00,break_reminder,105 min without a break,Time for a break - you have been at it for 105 minutes. Five minutes away from the screen now beats twenty minutes of drift later.,105.0,0.27468523567004594,2026-08-10
U013,2026-08-11T08:45:00,break_reminder,focus likely to drop (p=0.26) after 52 min,Time for a break - you have been at it for 52 minutes. Five minutes away from the screen now beats twenty minutes of drift later.,52.0,0.261288624688561,2026-08-11
U013,2026-08-11T09:20:00,break_reminder,focus likely to drop (p=0.25) after 87 min,Time for a break - you have been at it for 87 minutes. Five minutes away from the screen now beats twenty minutes of drift later.,87.0,0.2546431931253811,2026-08-11
U013,2026-08-11T09:35:00,break_reminder,102 min without a break,Time for a break - you have been at it for 102 minutes. Five minutes away from the screen now beats twenty minutes of drift later.,102.0,0.19148168536434157,2026-08-11
U013,2026-08-11T13:45:00,break_reminder,101 min without a break,Time for a break - you have been at it for 101 minutes. Five minutes away from the screen now beats twenty minutes of drift later.,101.0,0.18199325247325854,2026-08-11
U013,2026-08-11T14:00:00,break_reminder,focus likely to drop (p=0.30) after 116 min,Time for a break - you have been at it for 116 minutes. Five minutes away from the screen now beats twenty minutes of drift later.,116.0,0.29550901903765864,2026-08-11
U013,2026-08-11T17:10:00,focus_nudge,10 min of distraction,Still on track? You have drifted for a few minutes - worth a reset.,38.0,0.2805064440912666,2026-08-11
U013,2026-08-12T13:25:00,break_reminder,100 min without a break,Time for a break - you have been at it for 100 minutes. Five minutes away from the screen now beats twenty minutes of drift later.,100.0,0.26071442334845685,2026-08-12
U013,2026-08-12T14:45:00,focus_nudge,10 min of distraction,Still on track? You have drifted for a few minutes - worth a reset.,14.0,0.22279469787579687,2026-08-12
U013,2026-08-12T15:20:00,focus_nudge,10 min of distraction,Still on track? You have drifted for a few minutes - worth a reset.,49.0,0.31322626082257476,2026-08-12
U013,2026-08-12T16:55:00,break_reminder,focus likely to drop (p=0.26) after 84 min,Time for a break - you have been at it for 84 minutes. Five minutes away from the screen now beats twenty minutes of drift later.,84.0,0.26078817300777574,2026-08-12
U013,2026-08-13T09:55:00,break_reminder,102 min without a break,Time for a break - you have been at it for 102 minutes. Five minutes away from the screen now beats twenty minutes of drift later.,102.0,0.18059369676014975,2026-08-13
U013,2026-08-13T10:55:00,focus_nudge,10 min of distraction,Still on track? You have drifted for a few minutes - worth a reset.,162.0,0.3714408022449454,2026-08-13
U013,2026-08-13T13:05:00,focus_nudge,10 min of distraction,Still on track? You have drifted for a few minutes - worth a reset.,57.0,0.2852199081459324,2026-08-13
U013,2026-08-13T13:40:00,focus_nudge,10 min of distraction,Still on track? You have drifted for a few minutes - worth a reset.,92.0,0.2680275512381521,2026-08-13
U013,2026-08-13T14:50:00,focus_nudge,10 min of distraction,Still on track? You have drifted for a few minutes - worth a reset.,14.0,0.456061254757012,2026-08-13
U013,2026-08-14T08:50:00,focus_nudge,10 min of distraction,Still on track? You have drifted for a few minutes - worth a reset.,40.0,0.13577480691337396,2026-08-14
U013,2026-08-14T11:05:00,break_reminder,102 min without a break,Time for a break - you have been at it for 102 minutes. Five minutes away from the screen now beats twenty minutes of drift later.,102.0,0.12059670028115785,2026-08-14
U013,2026-08-14T12:05:00,focus_nudge,10 min of distraction,Still on track? You have drifted for a few minutes - worth a reset.,45.0,0.22424452502499118,2026-08-14
U013,2026-08-14T12:20:00,focus_nudge,10 min of distraction,Still on track? You have drifted for a few minutes - worth a reset.,60.0,0.2169505941477581,2026-08-14
U013,2026-08-14T13:10:00,break_reminder,focus likely to drop (p=0.47) after 38 min,Time for a break - you have been at it for 38 minutes. Five minutes away from the screen now beats twenty minutes of drift later.,38.0,0.47063945268634255,2026-08-14
U013,2026-08-14T13:45:00,focus_nudge,10 min of distraction,Still on track? You have drifted for a few minutes - worth a reset.,72.0,0.19270502784008997,2026-08-14
U013,2026-08-14T14:00:00,break_reminder,focus likely to drop (p=0.29) after 87 min,Time for a break - you have been at it for 87 minutes. Five minutes away from the screen now beats twenty minutes of drift later.,87.0,0.28516883196777626,2026-08-14
U013,2026-08-14T14:15:00,break_reminder,102 min without a break,Time for a break - you have been at it for 102 minutes. Five minutes away from the screen now beats twenty minutes of drift later.,102.0,0.29877421282684724,2026-08-14
U013,2026-08-14T14:30:00,break_reminder,focus likely to drop (p=0.26) after 117 min,Time for a break - you have been at it for 117 minutes. Five minutes away from the screen now beats twenty minutes of drift later.,117.0,0.2556670426450949,2026-08-14
U013,2026-08-14T14:45:00,break_reminder,focus likely to drop (p=0.25) after 132 min,Time for a break - you have been at it for 132 minutes. Five minutes away from the screen now beats twenty minutes of drift later.,132.0,0.2474224123636325,2026-08-14
U013,2026-08-17T10:55:00,break_reminder,100 min without a break,Time for a break - you have been at it for 100 minutes. Five minutes away from the screen now beats twenty minutes of drift later.,100.0,0.13552758060247122,2026-08-17
U013,2026-08-17T14:15:00,focus_nudge,10 min of distraction,Still on track? You have drifted for a few minutes - worth a reset.,74.0,0.41112377393163063,2026-08-17
U013,2026-08-17T14:35:00,focus_nudge,10 min of distraction,Still on track? You have drifted for a few minutes - worth a reset.,94.0,0.4154299692463257,2026-08-17
U013,2026-08-17T14:50:00,break_reminder,109 min without a break,Time for a break - you have been at it for 109 minutes. Five minutes away from the screen now beats twenty minutes of drift later.,109.0,0.29730014052972525,2026-08-17
U013,2026-08-17T15:05:00,break_reminder,focus likely to drop (p=0.30) after 124 min,Time for a break - you have been at it for 124 minutes. Five minutes away from the screen now beats twenty minutes of drift later.,124.0,0.29844889058927543,2026-08-17
U013,2026-08-17T15:20:00,break_reminder,focus likely to drop (p=0.32) after 139 min,Time for a break - you have been at it for 139 minutes. Five minutes away from the screen now beats twenty minutes of drift later.,139.0,0.32168053642054717,2026-08-17
U013,2026-08-17T15:35:00,focus_nudge,10 min of distraction,Still on track? You have drifted for a few minutes - worth a reset.,154.0,0.37258956902381973,2026-08-17
U013,2026-08-17T15:50:00,focus_nudge,25 min of distraction,Still on track? You have drifted for a few minutes - worth a reset.,169.0,0.3633881085509223,2026-08-17
U013,2026-08-18T11:20:00,break_reminder,focus likely to drop (p=0.47) after 20 min,Time for a break - you have been at it for 20 minutes. Five minutes away from the screen now beats twenty minutes of drift later.,20.0,0.4742423905444896,2026-08-18
U013,2026-08-18T14:25:00,break_reminder,126 min without a break,Time for a break - you have been at it for 126 minutes. Five minutes away from the screen now beats twenty minutes of drift later.,126.0,0.21272036430461247,2026-08-18
U013,2026-08-18T14:50:00,focus_nudge,10 min of distraction,Still on track? You have drifted for a few minutes - worth a reset.,151.0,0.3469402665659034,2026-08-18
U013,2026-08-18T15:40:00,focus_nudge,10 min of distraction,Still on track? You have drifted for a few minutes - worth a reset.,38.0,0.3036332099955938,2026-08-18
U013,2026-08-18T15:55:00,focus_nudge,10 min of distraction,Still on track? You have drifted for a few minutes - worth a reset.,53.0,0.3469829926133602,2026-08-18
U013,2026-08-18T16:25:00,focus_nudge,10 min of distraction,Still on track? You have drifted for a few minutes - worth a reset.,83.0,0.1498346556099777,2026-08-18
U013,2026-08-19T11:25:00,break_reminder,100 min without a break,Time for a break - you have been at it for 100 minutes. Five minutes away from the screen now beats twenty minutes of drift later.,100.0,0.2354644215619855,2026-08-19
U013,2026-08-19T12:30:00,focus_nudge,10 min of distraction,Still on track? You have drifted for a few minutes - worth a reset.,0.0,0.02663753809315907,2026-08-19
U013,2026-08-19T13:45:00,focus_nudge,10 min of distraction,Still on track? You have drifted for a few minutes - worth a reset.,23.0,0.17901543752406,2026-08-19
U013,2026-08-19T15:35:00,break_reminder,focus likely to drop (p=0.31) after 24 min,Time for a break - you have been at it for 24 minutes. Five minutes away from the screen now beats twenty minutes of drift later.,24.0,0.3060971496386917,2026-08-19
U013,2026-08-19T15:55:00,focus_nudge,10 min of distraction,Still on track? You have drifted for a few minutes - worth a reset.,44.0,0.16901079980770223,2026-08-19
U013,2026-08-19T17:15:00,focus_nudge,10 min of distraction,Still on track? You have drifted for a few minutes - worth a reset.,19.0,0.11002065699776127,2026-08-19
U013,2026-08-20T11:45:00,break_reminder,focus likely to drop (p=0.42) after 33 min,Time for a break - you have been at it for 33 minutes. Five minutes away from the screen now beats twenty minutes of drift later.,33.0,0.4194673914596528,2026-08-20
U013,2026-08-20T12:05:00,focus_nudge,10 min of distraction,Still on track? You have drifted for a few minutes - worth a reset.,53.0,0.20022235273201003,2026-08-20
U013,2026-08-20T12:55:00,break_reminder,103 min without a break,Time for a break - you have been at it for 103 minutes. Five minutes away from the screen now beats twenty minutes of drift later.,103.0,0.13774986506629586,2026-08-20
U013,2026-08-20T14:25:00,break_reminder,focus likely to drop (p=0.28) after 53 min,Time for a break - you have been at it for 53 minutes. Five minutes away from the screen now beats twenty minutes of drift later.,53.0,0.27655037948440864,2026-08-20
U013,2026-08-20T15:20:00,break_reminder,108 min without a break,Time for a break - you have been at it for 108 minutes. Five minutes away from the screen now beats twenty minutes of drift later.,108.0,0.2232017612566301,2026-08-20
U013,2026-08-20T15:45:00,focus_nudge,10 min of distraction,Still on track? You have drifted for a few minutes - worth a reset.,131.0,0.3734046723396599,2026-08-20
U013,2026-08-21T08:10:00,focus_nudge,10 min of distraction,Still on track? You have drifted for a few minutes - worth a reset.,17.0,0.30049142832628317,2026-08-21
U013,2026-08-21T10:00:00,focus_nudge,10 min of distraction,Still on track? You have drifted for a few minutes - worth a reset.,70.0,0.19631419558836286,2026-08-21
U013,2026-08-21T10:20:00,focus_nudge,10 min of distraction,Still on track? You have drifted for a few minutes - worth a reset.,90.0,0.20374916476924873,2026-08-21
U013,2026-08-21T11:05:00,focus_nudge,10 min of distraction,Still on track? You have drifted for a few minutes - worth a reset.,38.0,0.14990080438610165,2026-08-21
U013,2026-08-21T13:20:00,break_reminder,103 min without a break,Time for a break - you have been at it for 103 minutes. Five minutes away from the screen now beats twenty minutes of drift later.,103.0,0.4573283759166218,2026-08-21
U013,2026-08-21T14:45:00,break_reminder,focus likely to drop (p=0.29) after 52 min,Time for a break - you have been at it for 52 minutes. Five minutes away from the screen now beats twenty minutes of drift later.,52.0,0.29016352245340354,2026-08-21
U013,2026-08-21T15:00:00,break_reminder,focus likely to drop (p=0.26) after 67 min,Time for a break - you have been at it for 67 minutes. Five minutes away from the screen now beats twenty minutes of drift later.,67.0,0.26231360158295985,2026-08-21
U013,2026-08-21T15:25:00,break_reminder,focus likely to drop (p=0.50) after 92 min,Time for a break - you have been at it for 92 minutes. Five minutes away from the screen now beats twenty minutes of drift later.,92.0,0.4971890684462,2026-08-21
U013,2026-08-24T09:10:00,focus_nudge,10 min of distraction,Still on track? You have drifted for a few minutes - worth a reset.,50.0,0.24547674491011495,2026-08-24
U013,2026-08-24T09:30:00,focus_nudge,10 min of distraction,Still on track? You have drifted for a few minutes - worth a reset.,13.0,0.21848845717512425,2026-08-24
U013,2026-08-24T13:45:00,break_reminder,103 min without a break,Time for a break - you have been at it for 103 minutes. Five minutes away from the screen now beats twenty minutes of drift later.,103.0,0.20228744136286736,2026-08-24
U013,2026-08-24T14:05:00,break_reminder,focus likely to drop (p=0.28) after 123 min,Time for a break - you have been at it for 123 minutes. Five minutes away from the screen now beats twenty minutes of drift later.,123.0,0.2780780639964322,2026-08-24
U013,2026-08-24T14:50:00,focus_nudge,10 min of distraction,Still on track? You have drifted for a few minutes - worth a reset.,168.0,0.3485827136485452,2026-08-24
U013,2026-08-24T15:05:00,focus_nudge,25 min of distraction,Still on track? You have drifted for a few minutes - worth a reset.,183.0,0.16668957389963227,2026-08-24
U013,2026-08-25T09:25:00,focus_nudge,10 min of distraction,Still on track? You have drifted for a few minutes - worth a reset.,71.0,0.16874034105257082,2026-08-25
U013,2026-08-25T10:45:00,focus_nudge,10 min of distraction,Still on track? You have drifted for a few minutes - worth a reset.,20.0,0.2940989350875288,2026-08-25
U013,2026-08-25T12:10:00,focus_nudge,10 min of distraction,Still on track? You have drifted for a few minutes - worth a reset.,19.0,0.13451160653370686,2026-08-25
U013,2026-08-25T14:25:00,break_reminder,focus likely to drop (p=0.39) after 37 min,Time for a break - you have been at it for 37 minutes. Five minutes away from the screen now beats twenty minutes of drift later.,37.0,0.3903932046599002,2026-08-25
U013,2026-08-25T14:45:00,break_reminder,focus likely to drop (p=0.25) after 57 min,Time for a break - you have been at it for 57 minutes. Five minutes away from the screen now beats twenty minutes of drift later.,57.0,0.24749157080722306,2026-08-25
U013,2026-08-25T15:45:00,focus_nudge,10 min of distraction,Still on track? You have drifted for a few minutes - worth a reset.,32.0,0.3034216573851328,2026-08-25
U013,2026-08-25T16:40:00,break_reminder,focus likely to drop (p=0.32) after 86 min,Time for a break - you have been at it for 86 minutes. Five minutes away from the screen now beats twenty minutes of drift later.,86.0,0.32421606386364343,2026-08-25
U013,2026-08-26T12:15:00,break_reminder,100 min without a break,Time for a break - you have been at it for 100 minutes. Five minutes away from the screen now beats twenty minutes of drift later.,100.0,0.15247762534033205,2026-08-26
U013,2026-08-26T14:30:00,focus_nudge,10 min of distraction,Still on track? You have drifted for a few minutes - worth a reset.,77.0,0.23495770739268262,2026-08-26
U013,2026-08-26T14:45:00,break_reminder,focus likely to drop (p=0.27) after 92 min,Time for a break - you have been at it for 92 minutes. Five minutes away from the screen now beats twenty minutes of drift later.,92.0,0.27452604191057123,2026-08-26
U013,2026-08-26T15:00:00,break_reminder,107 min without a break,Time for a break - you have been at it for 107 minutes. Five minutes away from the screen now beats twenty minutes of drift later.,107.0,0.3416691168091486,2026-08-26
U013,2026-08-26T15:15:00,break_reminder,focus likely to drop (p=0.29) after 122 min,Time for a break - you have been at it for 122 minutes. Five minutes away from the screen now beats twenty minutes of drift later.,122.0,0.2922841170449099,2026-08-26
U013,2026-08-26T15:35:00,focus_nudge,10 min of distraction,Still on track? You have drifted for a few minutes - worth a reset.,0.0,0.11400240307813753,2026-08-26
U013,2026-08-27T09:30:00,focus_nudge,10 min of distraction,Still on track? You have drifted for a few minutes - worth a reset.,57.0,0.14209952345122395,2026-08-27
U013,2026-08-27T10:05:00,focus_nudge,10 min of distraction,Still on track? You have drifted for a few minutes - worth a reset.,92.0,0.20884008710525775,2026-08-27
U013,2026-08-27T11:50:00,focus_nudge,10 min of distraction,Still on track? You have drifted for a few minutes - worth a reset.,48.0,0.15679238577172894,2026-08-27
U013,2026-08-27T12:55:00,break_reminder,112 min without a break,Time for a break - you have been at it for 112 minutes. Five minutes away from the screen now beats twenty minutes of drift later.,112.0,0.3420049552505095,2026-08-27
U013,2026-08-27T14:50:00,break_reminder,focus likely to drop (p=0.26) after 55 min,Time for a break - you have been at it for 55 minutes. Five minutes away from the screen now beats twenty minutes of drift later.,55.0,0.25693356298670733,2026-08-27
U013,2026-08-27T15:30:00,focus_nudge,10 min of distraction,Still on track? You have drifted for a few minutes - worth a reset.,95.0,0.36367341402151654,2026-08-27
U013,2026-08-27T15:45:00,break_reminder,110 min without a break,Time for a break - you have been at it for 110 minutes. Five minutes away from the screen now beats twenty minutes of drift later.,110.0,0.435499657059249,2026-08-27
U013,2026-08-28T10:45:00,focus_nudge,10 min of distraction,Still on track? You have drifted for a few minutes - worth a reset.,73.0,0.3585373784390856,2026-08-28
U013,2026-08-28T11:00:00,focus_nudge,25 min of distraction,Still on track? You have drifted for a few minutes - worth a reset.,88.0,0.20142786179418593,2026-08-28
U013,2026-08-28T11:55:00,break_reminder,143 min without a break,Time for a break - you have been at it for 143 minutes. Five minutes away from the screen now beats twenty minutes of drift later.,143.0,0.16725673411622718,2026-08-28
U013,2026-08-28T14:35:00,focus_nudge,10 min of distraction,Still on track? You have drifted for a few minutes - worth a reset.,95.0,0.3672519962522456,2026-08-28
U013,2026-08-28T14:50:00,break_reminder,110 min without a break,Time for a break - you have been at it for 110 minutes. Five minutes away from the screen now beats twenty minutes of drift later.,110.0,0.2341086212844497,2026-08-28
U013,2026-08-28T15:30:00,focus_nudge,10 min of distraction,Still on track? You have drifted for a few minutes - worth a reset.,25.0,0.3651490217530747,2026-08-28
U014,2026-08-03T12:10:00,focus_nudge,10 min of distraction,Still on track? You have drifted for a few minutes - worth a reset.,43.0,0.13797657662886886,2026-08-03
U014,2026-08-03T13:10:00,break_reminder,103 min without a break,Time for a break - you have been at it for 103 minutes. Five minutes away from the screen now beats twenty minutes of drift later.,103.0,0.18289066893056374,2026-08-03
U014,2026-08-03T14:45:00,break_reminder,focus likely to drop (p=0.26) after 54 min,Time for a break - you have been at it for 54 minutes. Five minutes away from the screen now beats twenty minutes of drift later.,54.0,0.2600614510991686,2026-08-03
U014,2026-08-03T15:00:00,break_reminder,focus likely to drop (p=0.30) after 69 min,Time for a break - you have been at it for 69 minutes. Five minutes away from the screen now beats twenty minutes of drift later.,69.0,0.29565043173647326,2026-08-03
U014,2026-08-03T15:45:00,break_reminder,focus likely to drop (p=0.29) after 28 min,Time for a break - you have been at it for 28 minutes. Five minutes away from the screen now beats twenty minutes of drift later.,28.0,0.2898021608408078,2026-08-03
U014,2026-08-03T16:20:00,break_reminder,focus likely to drop (p=0.25) after 63 min,Time for a break - you have been at it for 63 minutes. Five minutes away from the screen now beats twenty minutes of drift later.,63.0,0.2521417714566468,2026-08-03
U014,2026-08-03T16:55:00,focus_nudge,10 min of distraction,Still on track? You have drifted for a few minutes - worth a reset.,23.0,0.15836264057119553,2026-08-03
U014,2026-08-03T17:45:00,break_reminder,focus likely to drop (p=0.26) after 24 min,Time for a break - you have been at it for 24 minutes. Five minutes away from the screen now beats twenty minutes of drift later.,24.0,0.2584245988003438,2026-08-03
U014,2026-08-03T18:35:00,focus_nudge,10 min of distraction,Still on track? You have drifted for a few minutes - worth a reset.,74.0,0.3353258359785514,2026-08-03
U014,2026-08-04T14:00:00,break_reminder,focus likely to drop (p=0.35) after 51 min,Time for a break - you have been at it for 51 minutes. Five minutes away from the screen now beats twenty minutes of drift later.,51.0,0.35021760071352726,2026-08-04
U014,2026-08-04T15:25:00,break_reminder,focus likely to drop (p=0.25) after 65 min,Time for a break - you have been at it for 65 minutes. Five minutes away from the screen now beats twenty minutes of drift later.,65.0,0.25385273999171637,2026-08-04
U014,2026-08-04T17:55:00,break_reminder,142 min without a break,Time for a break - you have been at it for 142 minutes. Five minutes away from the screen now beats twenty minutes of drift later.,142.0,0.21265987661505148,2026-08-04
U014,2026-08-04T19:35:00,focus_nudge,10 min of distraction,Still on track? You have drifted for a few minutes - worth a reset.,18.0,0.3042511974706762,2026-08-04
U014,2026-08-04T19:50:00,break_reminder,focus likely to drop (p=0.27) after 31 min,Time for a break - you have been at it for 31 minutes. Five minutes away from the screen now beats twenty minutes of drift later.,31.0,0.26505718682861296,2026-08-04
U014,2026-08-04T20:15:00,focus_nudge,10 min of distraction,Still on track? You have drifted for a few minutes - worth a reset.,56.0,0.15398826571645252,2026-08-04
U014,2026-08-05T14:05:00,break_reminder,focus likely to drop (p=0.28) after 25 min,Time for a break - you have been at it for 25 minutes. Five minutes away from the screen now beats twenty minutes of drift later.,25.0,0.28288333828445916,2026-08-05
U014,2026-08-05T14:20:00,break_reminder,focus likely to drop (p=0.53) after 40 min,Time for a break - you have been at it for 40 minutes. Five minutes away from the screen now beats twenty minutes of drift later.,40.0,0.5279383390751402,2026-08-05
U014,2026-08-05T14:35:00,focus_nudge,15 min of distraction,Still on track? You have drifted for a few minutes - worth a reset.,55.0,0.3256827436272639,2026-08-05
U014,2026-08-05T14:50:00,break_reminder,focus likely to drop (p=0.26) after 70 min,Time for a break - you have been at it for 70 minutes. Five minutes away from the screen now beats twenty minutes of drift later.,70.0,0.263750272601051,2026-08-05
U014,2026-08-05T15:05:00,focus_nudge,15 min of distraction,Still on track? You have drifted for a few minutes - worth a reset.,84.0,0.3483912911045191,2026-08-05
U014,2026-08-05T15:20:00,break_reminder,focus likely to drop (p=0.29) after 99 min,Time for a break - you have been at it for 99 minutes. Five minutes away from the screen now beats twenty minutes of drift later.,99.0,0.2919254764568436,2026-08-05
U014,2026-08-05T15:35:00,break_reminder,114 min without a break,Time for a break - you have been at it for 114 minutes. Five minutes away from the screen now beats twenty minutes of drift later.,114.0,0.5040405101104254,2026-08-05
U014,2026-08-05T15:50:00,break_reminder,focus likely to drop (p=0.53) after 129 min,Time for a break - you have been at it for 129 minutes. Five minutes away from the screen now beats twenty minutes of drift later.,129.0,0.5311040624643761,2026-08-05
U014,2026-08-05T17:55:00,focus_nudge,10 min of distraction,Still on track? You have drifted for a few minutes - worth a reset.,81.0,0.21668956681237628,2026-08-05
U014,2026-08-05T19:15:00,focus_nudge,10 min of distraction,Still on track? You have drifted for a few minutes - worth a reset.,25.0,0.3276878493230941,2026-08-05
U014,2026-08-06T12:45:00,focus_nudge,10 min of distraction,Still on track? You have drifted for a few minutes - worth a reset.,77.0,0.08702229959386758,2026-08-06
U014,2026-08-06T13:10:00,break_reminder,102 min without a break,Time for a break - you have been at it for 102 minutes. Five minutes away from the screen now beats twenty minutes of drift later.,102.0,0.37029185775275203,2026-08-06
U014,2026-08-06T14:10:00,break_reminder,focus likely to drop (p=0.30) after 24 min,Time for a break - you have been at it for 24 minutes. Five minutes away from the screen now beats twenty minutes of drift later.,24.0,0.30267872976681215,2026-08-06
U014,2026-08-06T14:25:00,break_reminder,focus likely to drop (p=0.26) after 39 min,Time for a break - you have been at it for 39 minutes. Five minutes away from the screen now beats twenty minutes of drift later.,39.0,0.2576113827159282,2026-08-06
U014,2026-08-06T14:40:00,break_reminder,focus likely to drop (p=0.33) after 54 min,Time for a break - you have been at it for 54 minutes. Five minutes away from the screen now beats twenty minutes of drift later.,54.0,0.32800139413084356,2026-08-06
U014,2026-08-06T15:45:00,break_reminder,focus likely to drop (p=0.28) after 25 min,Time for a break - you have been at it for 25 minutes. Five minutes away from the screen now beats twenty minutes of drift later.,25.0,0.27671602044501187,2026-08-06
U014,2026-08-06T16:40:00,focus_nudge,10 min of distraction,Still on track? You have drifted for a few minutes - worth a reset.,13.0,0.24481276461749799,2026-08-06
U014,2026-08-06T16:55:00,focus_nudge,10 min of distraction,Still on track? You have drifted for a few minutes - worth a reset.,28.0,0.25453752752386655,2026-08-06
U014,2026-08-06T17:30:00,break_reminder,focus likely to drop (p=0.33) after 63 min,Time for a break - you have been at it for 63 minutes. Five minutes away from the screen now beats twenty minutes of drift later.,63.0,0.3269590985649629,2026-08-06
U014,2026-08-06T17:45:00,focus_nudge,15 min of distraction,Still on track? You have drifted for a few minutes - worth a reset.,78.0,0.36240248824531424,2026-08-06
U014,2026-08-07T11:50:00,focus_nudge,10 min of distraction,Still on track? You have drifted for a few minutes - worth a reset.,43.0,0.11675170639387288,2026-08-07
U014,2026-08-07T15:05:00,break_reminder,focus likely to drop (p=0.29) after 25 min,Time for a break - you have been at it for 25 minutes. Five minutes away from the screen now beats twenty minutes of drift later.,25.0,0.28908710416483085,2026-08-07
U014,2026-08-07T15:30:00,break_reminder,focus likely to drop (p=0.25) after 50 min,Time for a break - you have been at it for 50 minutes. Five minutes away from the screen now beats twenty minutes of drift later.,50.0,0.2520054232876109,2026-08-07
U014,2026-08-07T16:25:00,break_reminder,focus likely to drop (p=0.35) after 46 min,Time for a break - you have been at it for 46 minutes. Five minutes away from the screen now beats twenty minutes of drift later.,46.0,0.34566954997179133,2026-08-07
U014,2026-08-07T17:15:00,break_reminder,focus likely to drop (p=0.25) after 94 min,Time for a break - you have been at it for 94 minutes. Five minutes away from the screen now beats twenty minutes of drift later.,94.0,0.24903476128301932,2026-08-07
U014,2026-08-07T17:30:00,break_reminder,109 min without a break,Time for a break - you have been at it for 109 minutes. Five minutes away from the screen now beats twenty minutes of drift later.,109.0,0.12969712211241718,2026-08-07
U014,2026-08-10T14:05:00,break_reminder,focus likely to drop (p=0.34) after 33 min,Time for a break - you have been at it for 33 minutes. Five minutes away from the screen now beats twenty minutes of drift later.,33.0,0.3390760674652506,2026-08-10
U014,2026-08-10T14:20:00,break_reminder,focus likely to drop (p=0.32) after 48 min,Time for a break - you have been at it for 48 minutes. Five minutes away from the screen now beats twenty minutes of drift later.,48.0,0.31708773323277845,2026-08-10
U014,2026-08-10T14:35:00,break_reminder,focus likely to drop (p=0.42) after 63 min,Time for a break - you have been at it for 63 minutes. Five minutes away from the screen now beats twenty minutes of drift later.,63.0,0.4236511436349929,2026-08-10
U014,2026-08-10T14:55:00,focus_nudge,10 min of distraction,Still on track? You have drifted for a few minutes - worth a reset.,83.0,0.31727134515024447,2026-08-10
U014,2026-08-10T15:10:00,break_reminder,focus likely to drop (p=0.32) after 98 min,Time for a break - you have been at it for 98 minutes. Five minutes away from the screen now beats twenty minutes of drift later.,98.0,0.32445139474451645,2026-08-10
U014,2026-08-10T15:45:00,focus_nudge,10 min of distraction,Still on track? You have drifted for a few minutes - worth a reset.,20.0,0.36802584250063886,2026-08-10
U014,2026-08-10T16:45:00,focus_nudge,10 min of distraction,Still on track? You have drifted for a few minutes - worth a reset.,80.0,0.12803073491336714,2026-08-10
U014,2026-08-10T17:00:00,break_reminder,focus likely to drop (p=0.30) after 95 min,Time for a break - you have been at it for 95 minutes. Five minutes away from the screen now beats twenty minutes of drift later.,95.0,0.2961090340398169,2026-08-10
U014,2026-08-10T18:45:00,break_reminder,focus likely to drop (p=0.49) after 21 min,Time for a break - you have been at it for 21 minutes. Five minutes away from the screen now beats twenty minutes of drift later.,21.0,0.48546565990241297,2026-08-10
U014,2026-08-11T11:55:00,break_reminder,focus likely to drop (p=0.33) after 30 min,Time for a break - you have been at it for 30 minutes. Five minutes away from the screen now beats twenty minutes of drift later.,30.0,0.32541808915530723,2026-08-11
U014,2026-08-11T13:35:00,focus_nudge,10 min of distraction,Still on track? You have drifted for a few minutes - worth a reset.,0.0,0.04584343837987525,2026-08-11
U014,2026-08-11T14:20:00,break_reminder,focus likely to drop (p=0.28) after 26 min,Time for a break - you have been at it for 26 minutes. Five minutes away from the screen now beats twenty minutes of drift later.,26.0,0.28218908123786224,2026-08-11
U014,2026-08-11T14:50:00,focus_nudge,10 min of distraction,Still on track? You have drifted for a few minutes - worth a reset.,56.0,0.2900187153936217,2026-08-11
U014,2026-08-11T17:45:00,break_reminder,focus likely to drop (p=0.31) after 48 min,Time for a break - you have been at it for 48 minutes. Five minutes away from the screen now beats twenty minutes of drift later.,48.0,0.31295758343743835,2026-08-11
U014,2026-08-12T12:55:00,break_reminder,101 min without a break,Time for a break - you have been at it for 101 minutes. Five minutes away from the screen now beats twenty minutes of drift later.,101.0,0.161821423639833,2026-08-12
U014,2026-08-12T13:20:00,focus_nudge,10 min of distraction,Still on track? You have drifted for a few minutes - worth a reset.,104.0,0.13723490127664834,2026-08-12
U014,2026-08-12T15:00:00,focus_nudge,10 min of distraction,Still on track? You have drifted for a few minutes - worth a reset.,43.0,0.42370457535889666,2026-08-12
U014,2026-08-12T15:25:00,break_reminder,focus likely to drop (p=0.27) after 68 min,Time for a break - you have been at it for 68 minutes. Five minutes away from the screen now beats twenty minutes of drift later.,68.0,0.2662241891876238,2026-08-12
U014,2026-08-12T16:35:00,focus_nudge,10 min of distraction,Still on track? You have drifted for a few minutes - worth a reset.,60.0,0.3426786211186396,2026-08-12
U014,2026-08-12T17:55:00,focus_nudge,10 min of distraction,Still on track? You have drifted for a few minutes - worth a reset.,21.0,0.24311585698575214,2026-08-12
U014,2026-08-13T13:55:00,break_reminder,focus likely to drop (p=0.26) after 71 min,Time for a break - you have been at it for 71 minutes. Five minutes away from the screen now beats twenty minutes of drift later.,71.0,0.259394956036104,2026-08-13
U014,2026-08-13T14:30:00,break_reminder,106 min without a break,Time for a break - you have been at it for 106 minutes. Five minutes away from the screen now beats twenty minutes of drift later.,106.0,0.28964899258144583,2026-08-13
U014,2026-08-13T15:35:00,break_reminder,focus likely to drop (p=0.26) after 50 min,Time for a break - you have been at it for 50 minutes. Five minutes away from the screen now beats twenty minutes of drift later.,50.0,0.26047266387126544,2026-08-13
U014,2026-08-13T15:50:00,break_reminder,focus likely to drop (p=0.27) after 65 min,Time for a break - you have been at it for 65 minutes. Five minutes away from the screen now beats twenty minutes of drift later.,65.0,0.2718712660093489,2026-08-13
U014,2026-08-13T16:20:00,focus_nudge,10 min of distraction,Still on track? You have drifted for a few minutes - worth a reset.,95.0,0.36130956923344354,2026-08-13
U014,2026-08-13T18:20:00,break_reminder,focus likely to drop (p=0.25) after 34 min,Time for a break - you have been at it for 34 minutes. Five minutes away from the screen now beats twenty minutes of drift later.,34.0,0.25476650174008886,2026-08-13
U014,2026-08-13T18:45:00,break_reminder,focus likely to drop (p=0.60) after 59 min,Time for a break - you have been at it for 59 minutes. Five minutes away from the screen now beats twenty minutes of drift later.,59.0,0.6041700336272958,2026-08-13
U014,2026-08-14T13:25:00,break_reminder,focus likely to drop (p=0.50) after 90 min,Time for a break - you have been at it for 90 minutes. Five minutes away from the screen now beats twenty minutes of drift later.,90.0,0.5032663918271914,2026-08-14
U014,2026-08-14T13:40:00,break_reminder,105 min without a break,Time for a break - you have been at it for 105 minutes. Five minutes away from the screen now beats twenty minutes of drift later.,105.0,0.2707843820451766,2026-08-14
U014,2026-08-14T14:50:00,break_reminder,focus likely to drop (p=0.43) after 20 min,Time for a break - you have been at it for 20 minutes. Five minutes away from the screen now beats twenty minutes of drift later.,20.0,0.43154758131332194,2026-08-14
U014,2026-08-14T15:15:00,break_reminder,focus likely to drop (p=0.50) after 45 min,Time for a break - you have been at it for 45 minutes. Five minutes away from the screen now beats twenty minutes of drift later.,45.0,0.4951939110017648,2026-08-14
U014,2026-08-14T15:40:00,break_reminder,focus likely to drop (p=0.28) after 70 min,Time for a break - you have been at it for 70 minutes. Five minutes away from the screen now beats twenty minutes of drift later.,70.0,0.27697533830442456,2026-08-14
U014,2026-08-14T17:10:00,focus_nudge,10 min of distraction,Still on track? You have drifted for a few minutes - worth a reset.,76.0,0.2561527388199013,2026-08-14
U014,2026-08-17T13:00:00,focus_nudge,10 min of distraction,Still on track? You have drifted for a few minutes - worth a reset.,65.0,0.08526466004200174,2026-08-17
U014,2026-08-17T13:35:00,break_reminder,100 min without a break,Time for a break - you have been at it for 100 minutes. Five minutes away from the screen now beats twenty minutes of drift later.,100.0,0.17171215271576723,2026-08-17
U014,2026-08-17T14:00:00,focus_nudge,10 min of distraction,Still on track? You have drifted for a few minutes - worth a reset.,125.0,0.5331118786755927,2026-08-17
U014,2026-08-17T15:25:00,focus_nudge,10 min of distraction,Still on track? You have drifted for a few minutes - worth a reset.,68.0,0.2803027798144657,2026-08-17
U014,2026-08-17T15:55:00,focus_nudge,10 min of distraction,Still on track? You have drifted for a few minutes - worth a reset.,98.0,0.4102016790154366,2026-08-17
U014,2026-08-17T19:40:00,break_reminder,focus likely to drop (p=0.25) after 40 min,Time for a break - you have been at it for 40 minutes. Five minutes away from the screen now beats twenty minutes of drift later.,40.0,0.24807053203705545,2026-08-17
U014,2026-08-18T11:25:00,focus_nudge,10 min of distraction,Still on track? You have drifted for a few minutes - worth a reset.,37.0,0.18597115489489896,2026-08-18
U014,2026-08-18T12:15:00,focus_nudge,10 min of distraction,Still on track? You have drifted for a few minutes - worth a reset.,87.0,0.1335950015202751,2026-08-18
U014,2026-08-18T12:30:00,break_reminder,102 min without a break,Time for a break - you have been at it for 102 minutes. Five minutes away from the screen now beats twenty minutes of drift later.,102.0,0.13998475501719182,2026-08-18
U014,2026-08-18T14:05:00,break_reminder,focus likely to drop (p=0.28) after 78 min,Time for a break - you have been at it for 78 minutes. Five minutes away from the screen now beats twenty minutes of drift later.,78.0,0.278776238574431,2026-08-18
U014,2026-08-18T14:20:00,break_reminder,focus likely to drop (p=0.28) after 93 min,Time for a break - you have been at it for 93 minutes. Five minutes away from the screen now beats twenty minutes of drift later.,93.0,0.27559901369694284,2026-08-18
U014,2026-08-18T14:35:00,break_reminder,108 min without a break,Time for a break - you have been at it for 108 minutes. Five minutes away from the screen now beats twenty minutes of drift later.,108.0,0.45890644182120416,2026-08-18
U014,2026-08-18T14:55:00,break_reminder,focus likely to drop (p=0.25) after 128 min,Time for a break - you have been at it for 128 minutes. Five minutes away from the screen now beats twenty minutes of drift later.,128.0,0.25165938015807987,2026-08-18
U014,2026-08-18T15:10:00,break_reminder,focus likely to drop (p=0.29) after 143 min,Time for a break - you have been at it for 143 minutes. Five minutes away from the screen now beats twenty minutes of drift later.,143.0,0.29385583024936773,2026-08-18
U014,2026-08-18T16:00:00,focus_nudge,10 min of distraction,Still on track? You have drifted for a few minutes - worth a reset.,27.0,0.21280967352588773,2026-08-18
U014,2026-08-19T13:15:00,break_reminder,108 min without a break,Time for a break - you have been at it for 108 minutes. Five minutes away from the screen now beats twenty minutes of drift later.,108.0,0.060632857153067765,2026-08-19
U014,2026-08-19T14:50:00,break_reminder,focus likely to drop (p=0.25) after 90 min,Time for a break - you have been at it for 90 minutes. Five minutes away from the screen now beats twenty minutes of drift later.,90.0,0.24877956270690432,2026-08-19
U014,2026-08-19T15:05:00,focus_nudge,15 min of distraction,Still on track? You have drifted for a few minutes - worth a reset.,0.0,0.04835388254085824,2026-08-19
U014,2026-08-19T16:35:00,focus_nudge,10 min of distraction,Still on track? You have drifted for a few minutes - worth a reset.,19.0,0.29907282381607725,2026-08-19
U014,2026-08-19T16:50:00,break_reminder,focus likely to drop (p=0.26) after 34 min,Time for a break - you have been at it for 34 minutes. Five minutes away from the screen now beats twenty minutes of drift later.,34.0,0.2622108607920105,2026-08-19
U014,2026-08-20T12:40:00,focus_nudge,10 min of distraction,Still on track? You have drifted for a few minutes - worth a reset.,63.0,0.0830476407581912,2026-08-20
U014,2026-08-20T13:15:00,focus_nudge,10 min of distraction,Still on track? You have drifted for a few minutes - worth a reset.,98.0,0.21979321811625005,2026-08-20
U014,2026-08-20T14:20:00,break_reminder,focus likely to drop (p=0.26) after 33 min,Time for a break - you have been at it for 33 minutes. Five minutes away from the screen now beats twenty minutes of drift later.,33.0,0.2599624476396199,2026-08-20
U014,2026-08-20T15:05:00,break_reminder,focus likely to drop (p=0.28) after 78 min,Time for a break - you have been at it for 78 minutes. Five minutes away from the screen now beats twenty minutes of drift later.,78.0,0.27746903615675017,2026-08-20
U014,2026-08-20T18:55:00,break_reminder,focus likely to drop (p=0.24) after 67 min,Time for a break - you have been at it for 67 minutes. Five minutes away from the screen now beats twenty minutes of drift later.,67.0,0.24460618055100827,2026-08-20
U014,2026-08-20T19:30:00,break_reminder,100 min without a break,Time for a break - you have been at it for 100 minutes. Five minutes away from the screen now beats twenty minutes of drift later.,100.0,0.11245549957720667,2026-08-20
U014,2026-08-21T14:00:00,break_reminder,focus likely to drop (p=0.29) after 23 min,Time for a break - you have been at it for 23 minutes. Five minutes away from the screen now beats twenty minutes of drift later.,23.0,0.28942140809260464,2026-08-21
U014,2026-08-21T15:20:00,break_reminder,focus likely to drop (p=0.24) after 56 min,Time for a break - you have been at it for 56 minutes. Five minutes away from the screen now beats twenty minutes of drift later.,56.0,0.2448813897051039,2026-08-21
U014,2026-08-21T15:40:00,break_reminder,focus likely to drop (p=0.37) after 76 min,Time for a break - you have been at it for 76 minutes. Five minutes away from the screen now beats twenty minutes of drift later.,76.0,0.3668768402797196,2026-08-21
U014,2026-08-21T15:55:00,focus_nudge,10 min of distraction,Still on track? You have drifted for a few minutes - worth a reset.,91.0,0.5184864425410733,2026-08-21
U014,2026-08-21T16:10:00,break_reminder,106 min without a break,Time for a break - you have been at it for 106 minutes. Five minutes away from the screen now beats twenty minutes of drift later.,106.0,0.27842875450417875,2026-08-21
U014,2026-08-21T16:45:00,focus_nudge,10 min of distraction,Still on track? You have drifted for a few minutes - worth a reset.,24.0,0.18310657803140853,2026-08-21
U014,2026-08-21T17:40:00,focus_nudge,10 min of distraction,Still on track? You have drifted for a few minutes - worth a reset.,28.0,0.19196224715944155,2026-08-21
U014,2026-08-24T11:50:00,focus_nudge,10 min of distraction,Still on track? You have drifted for a few minutes - worth a reset.,29.0,0.06976628325059923,2026-08-24
U014,2026-08-24T14:55:00,break_reminder,focus likely to drop (p=0.26) after 52 min,Time for a break - you have been at it for 52 minutes. Five minutes away from the screen now beats twenty minutes of drift later.,52.0,0.25945201408543533,2026-08-24
U014,2026-08-24T15:35:00,break_reminder,focus likely to drop (p=0.27) after 35 min,Time for a break - you have been at it for 35 minutes. Five minutes away from the screen now beats twenty minutes of drift later.,35.0,0.2739423446651624,2026-08-24
U014,2026-08-24T16:15:00,focus_nudge,10 min of distraction,Still on track? You have drifted for a few minutes - worth a reset.,75.0,0.34131262752051417,2026-08-24
U014,2026-08-24T16:30:00,break_reminder,focus likely to drop (p=0.33) after 90 min,Time for a break - you have been at it for 90 minutes. Five minutes away from the screen now beats twenty minutes of drift later.,90.0,0.3279341784380733,2026-08-24
U014,2026-08-24T16:45:00,break_reminder,105 min without a break,Time for a break - you have been at it for 105 minutes. Five minutes away from the screen now beats twenty minutes of drift later.,105.0,0.23905522963384146,2026-08-24
U014,2026-08-25T13:35:00,break_reminder,100 min without a break,Time for a break - you have been at it for 100 minutes. Five minutes away from the screen now beats twenty minutes of drift later.,100.0,0.1816739806800526,2026-08-25
U014,2026-08-25T14:30:00,break_reminder,focus likely to drop (p=0.25) after 36 min,Time for a break - you have been at it for 36 minutes. Five minutes away from the screen now beats twenty minutes of drift later.,36.0,0.25376282525864424,2026-08-25
U014,2026-08-25T14:50:00,break_reminder,focus likely to drop (p=0.28) after 56 min,Time for a break - you have been at it for 56 minutes. Five minutes away from the screen now beats twenty minutes of drift later.,56.0,0.2831481882138207,2026-08-25
U014,2026-08-25T15:55:00,break_reminder,focus likely to drop (p=0.24) after 49 min,Time for a break - you have been at it for 49 minutes. Five minutes away from the screen now beats twenty minutes of drift later.,49.0,0.24457171356608032,2026-08-25
U014,2026-08-25T16:35:00,focus_nudge,10 min of distraction,Still on track? You have drifted for a few minutes - worth a reset.,89.0,0.26408070954847107,2026-08-25
U014,2026-08-25T16:50:00,break_reminder,104 min without a break,Time for a break - you have been at it for 104 minutes. Five minutes away from the screen now beats twenty minutes of drift later.,104.0,0.2044334993791158,2026-08-25
U014,2026-08-25T17:05:00,break_reminder,focus likely to drop (p=0.26) after 119 min,Time for a break - you have been at it for 119 minutes. Five minutes away from the screen now beats twenty minutes of drift later.,119.0,0.2596738797691048,2026-08-25
U014,2026-08-26T14:00:00,focus_nudge,10 min of distraction,Still on track? You have drifted for a few minutes - worth a reset.,52.0,0.4279902354112657,2026-08-26
U014,2026-08-26T15:30:00,break_reminder,focus likely to drop (p=0.27) after 68 min,Time for a break - you have been at it for 68 minutes. Five minutes away from the screen now beats twenty minutes of drift later.,68.0,0.26562193086068325,2026-08-26
U014,2026-08-26T15:45:00,break_reminder,focus likely to drop (p=0.24) after 83 min,Time for a break - you have been at it for 83 minutes. Five minutes away from the screen now beats twenty minutes of drift later.,83.0,0.24499643836460785,2026-08-26
U014,2026-08-26T16:00:00,focus_nudge,10 min of distraction,Still on track? You have drifted for a few minutes - worth a reset.,98.0,0.3851396451726327,2026-08-26
U014,2026-08-26T16:15:00,break_reminder,113 min without a break,Time for a break - you have been at it for 113 minutes. Five minutes away from the screen now beats twenty minutes of drift later.,113.0,0.1356391882863869,2026-08-26
U014,2026-08-26T17:05:00,focus_nudge,10 min of distraction,Still on track? You have drifted for a few minutes - worth a reset.,163.0,0.3832278819878945,2026-08-26
U014,2026-08-27T13:00:00,break_reminder,103 min without a break,Time for a break - you have been at it for 103 minutes. Five minutes away from the screen now beats twenty minutes of drift later.,103.0,0.19249189487610158,2026-08-27
U014,2026-08-27T14:05:00,focus_nudge,10 min of distraction,Still on track? You have drifted for a few minutes - worth a reset.,19.0,0.4817989576966531,2026-08-27
U014,2026-08-27T14:20:00,break_reminder,focus likely to drop (p=0.25) after 34 min,Time for a break - you have been at it for 34 minutes. Five minutes away from the screen now beats twenty minutes of drift later.,34.0,0.2488961708287896,2026-08-27
U014,2026-08-27T14:35:00,break_reminder,focus likely to drop (p=0.47) after 49 min,Time for a break - you have been at it for 49 minutes. Five minutes away from the screen now beats twenty minutes of drift later.,49.0,0.46874010542126865,2026-08-27
U014,2026-08-27T14:50:00,break_reminder,focus likely to drop (p=0.28) after 64 min,Time for a break - you have been at it for 64 minutes. Five minutes away from the screen now beats twenty minutes of drift later.,64.0,0.2776973218771947,2026-08-27
U014,2026-08-27T15:05:00,break_reminder,focus likely to drop (p=0.26) after 79 min,Time for a break - you have been at it for 79 minutes. Five minutes away from the screen now beats twenty minutes of drift later.,79.0,0.26030552385806105,2026-08-27
U014,2026-08-27T18:35:00,focus_nudge,10 min of distraction,Still on track? You have drifted for a few minutes - worth a reset.,97.0,0.22544538987438592,2026-08-27
U014,2026-08-28T13:50:00,focus_nudge,10 min of distraction,Still on track? You have drifted for a few minutes - worth a reset.,83.0,0.1424020739346841,2026-08-28
U014,2026-08-28T16:15:00,break_reminder,focus likely to drop (p=0.26) after 38 min,Time for a break - you have been at it for 38 minutes. Five minutes away from the screen now beats twenty minutes of drift later.,38.0,0.2600653072454647,2026-08-28
U014,2026-08-28T17:20:00,break_reminder,103 min without a break,Time for a break - you have been at it for 103 minutes. Five minutes away from the screen now beats twenty minutes of drift later.,103.0,0.31766234463719034,2026-08-28
U014,2026-08-28T18:15:00,focus_nudge,10 min of distraction,Still on track? You have drifted for a few minutes - worth a reset.,10.0,0.25016935831980974,2026-08-28
U014,2026-08-28T19:30:00,focus_nudge,10 min of distraction,Still on track? You have drifted for a few minutes - worth a reset.,56.0,0.4039948641279774,2026-08-28
U021,2026-08-03T09:20:00,break_reminder,101 min without a break,Time for a break - you have been at it for 101 minutes. Five minutes away from the screen now beats twenty minutes of drift later.,101.0,0.16320999907731043,2026-08-03
U021,2026-08-03T09:45:00,focus_nudge,10 min of distraction,Still on track? You have drifted for a few minutes - worth a reset.,126.0,0.13273226608599797,2026-08-03
U021,2026-08-03T12:10:00,focus_nudge,10 min of distraction,Still on track? You have drifted for a few minutes - worth a reset.,24.0,0.19427335774012439,2026-08-03
U021,2026-08-03T15:35:00,break_reminder,focus likely to drop (p=0.29) after 84 min,Time for a break - you have been at it for 84 minutes. Five minutes away from the screen now beats twenty minutes of drift later.,84.0,0.2907240917854445,2026-08-03
U021,2026-08-03T15:55:00,break_reminder,104 min without a break,Time for a break - you have been at it for 104 minutes. Five minutes away from the screen now beats twenty minutes of drift later.,104.0,0.21419859261948213,2026-08-03
U021,2026-08-04T12:10:00,break_reminder,focus likely to drop (p=0.34) after 46 min,Time for a break - you have been at it for 46 minutes. Five minutes away from the screen now beats twenty minutes of drift later.,46.0,0.3357664785187393,2026-08-04
U021,2026-08-04T13:45:00,focus_nudge,10 min of distraction,Still on track? You have drifted for a few minutes - worth a reset.,81.0,0.30666891709245747,2026-08-04
U021,2026-08-04T14:45:00,focus_nudge,10 min of distraction,Still on track? You have drifted for a few minutes - worth a reset.,28.0,0.28767305884439576,2026-08-04
U021,2026-08-04T15:00:00,break_reminder,focus likely to drop (p=0.26) after 43 min,Time for a break - you have been at it for 43 minutes. Five minutes away from the screen now beats twenty minutes of drift later.,43.0,0.25594920111300545,2026-08-04
U021,2026-08-04T15:35:00,focus_nudge,10 min of distraction,Still on track? You have drifted for a few minutes - worth a reset.,78.0,0.21748547351820555,2026-08-04
U021,2026-08-04T16:00:00,break_reminder,103 min without a break,Time for a break - you have been at it for 103 minutes. Five minutes away from the screen now beats twenty minutes of drift later.,103.0,0.07289986889363943,2026-08-04
U021,2026-08-05T08:55:00,break_reminder,100 min without a break,Time for a break - you have been at it for 100 minutes. Five minutes away from the screen now beats twenty minutes of drift later.,100.0,0.18929709232581393,2026-08-05
U021,2026-08-05T09:10:00,focus_nudge,15 min of distraction,Still on track? You have drifted for a few minutes - worth a reset.,115.0,0.20804613952976647,2026-08-05
U021,2026-08-05T10:35:00,break_reminder,200 min without a break,Time for a break - you have been at it for 200 minutes. Five minutes away from the screen now beats twenty minutes of drift later.,200.0,0.17223543102854638,2026-08-05
U021,2026-08-05T11:00:00,break_reminder,focus likely to drop (p=0.37) after 225 min,Time for a break - you have been at it for 225 minutes. Five minutes away from the screen now beats twenty minutes of drift later.,225.0,0.36880315989219953,2026-08-05
U021,2026-08-05T11:20:00,focus_nudge,10 min of distraction,Still on track? You have drifted for a few minutes - worth a reset.,245.0,0.18343288868135202,2026-08-05
U021,2026-08-05T12:05:00,focus_nudge,10 min of distraction,Still on track? You have drifted for a few minutes - worth a reset.,22.0,0.20362791040951456,2026-08-05
U021,2026-08-05T14:40:00,focus_nudge,10 min of distraction,Still on track? You have drifted for a few minutes - worth a reset.,33.0,0.2709089222092614,2026-08-05
U021,2026-08-06T08:10:00,break_reminder,focus likely to drop (p=0.25) after 58 min,Time for a break - you have been at it for 58 minutes. Five minutes away from the screen now beats twenty minutes of drift later.,58.0,0.2528583909921376,2026-08-06
U021,2026-08-06T08:40:00,focus_nudge,10 min of distraction,Still on track? You have drifted for a few minutes - worth a reset.,88.0,0.11871145589729469,2026-08-06
U021,2026-08-06T08:55:00,break_reminder,103 min without a break,Time for a break - you have been at it for 103 minutes. Five minutes away from the screen now beats twenty minutes of drift later.,103.0,0.1654789340268192,2026-08-06
U021,2026-08-06T10:05:00,focus_nudge,10 min of distraction,Still on track? You have drifted for a few minutes - worth a reset.,0.0,0.028132076889623464,2026-08-06
U021,2026-08-06T12:15:00,focus_nudge,10 min of distraction,Still on track? You have drifted for a few minutes - worth a reset.,98.0,0.14746725678961176,2026-08-06
U021,2026-08-06T12:30:00,break_reminder,113 min without a break,Time for a break - you have been at it for 113 minutes. Five minutes away from the screen now beats twenty minutes of drift later.,113.0,0.29390237069774044,2026-08-06
U021,2026-08-07T07:25:00,focus_nudge,10 min of distraction,Still on track? You have drifted for a few minutes - worth a reset.,29.0,0.25811265459829635,2026-08-07
U021,2026-08-07T08:50:00,break_reminder,114 min without a break,Time for a break - you have been at it for 114 minutes. Five minutes away from the screen now beats twenty minutes of drift later.,114.0,0.183325776935992,2026-08-07
U021,2026-08-07T10:45:00,break_reminder,focus likely to drop (p=0.43) after 86 min,Time for a break - you have been at it for 86 minutes. Five minutes away from the screen now beats twenty minutes of drift later.,86.0,0.43478815886220823,2026-08-07
U021,2026-08-07T11:00:00,break_reminder,101 min without a break,Time for a break - you have been at it for 101 minutes. Five minutes away from the screen now beats twenty minutes of drift later.,101.0,0.15152721435091446,2026-08-07
U021,2026-08-07T12:50:00,focus_nudge,10 min of distraction,Still on track? You have drifted for a few minutes - worth a reset.,33.0,0.17880523310538832,2026-08-07
U021,2026-08-07T13:10:00,focus_nudge,10 min of distraction,Still on track? You have drifted for a few minutes - worth a reset.,53.0,0.09317626800122368,2026-08-07
U021,2026-08-07T14:50:00,break_reminder,focus likely to drop (p=0.27) after 46 min,Time for a break - you have been at it for 46 minutes. Five minutes away from the screen now beats twenty minutes of drift later.,46.0,0.26870681759810916,2026-08-07
U021,2026-08-07T15:15:00,focus_nudge,10 min of distraction,Still on track? You have drifted for a few minutes - worth a reset.,71.0,0.16080720286809969,2026-08-07
U021,2026-08-10T10:20:00,break_reminder,101 min without a break,Time for a break - you have been at it for 101 minutes. Five minutes away from the screen now beats twenty minutes of drift later.,101.0,0.16335860805177463,2026-08-10
U021,2026-08-10T11:30:00,focus_nudge,10 min of distraction,Still on track? You have drifted for a few minutes - worth a reset.,171.0,0.19676885086810408,2026-08-10
U021,2026-08-10T12:00:00,break_reminder,201 min without a break,Time for a break - you have been at it for 201 minutes. Five minutes away from the screen now beats twenty minutes of drift later.,201.0,0.204951425954143,2026-08-10
U021,2026-08-10T14:40:00,break_reminder,focus likely to drop (p=0.26) after 58 min,Time for a break - you have been at it for 58 minutes. Five minutes away from the screen now beats twenty minutes of drift later.,58.0,0.2580631460552087,2026-08-10
U021,2026-08-10T15:05:00,break_reminder,focus likely to drop (p=0.26) after 83 min,Time for a break - you have been at it for 83 minutes. Five minutes away from the screen now beats twenty minutes of drift later.,83.0,0.2596178689322175,2026-08-10
U021,2026-08-11T08:50:00,focus_nudge,10 min of distraction,Still on track? You have drifted for a few minutes - worth a reset.,38.0,0.10234681416006314,2026-08-11
U021,2026-08-11T10:00:00,focus_nudge,10 min of distraction,Still on track? You have drifted for a few minutes - worth a reset.,20.0,0.09537821520363157,2026-08-11
U021,2026-08-11T11:20:00,break_reminder,100 min without a break,Time for a break - you have been at it for 100 minutes. Five minutes away from the screen now beats twenty minutes of drift later.,100.0,0.18498139242953188,2026-08-11
U021,2026-08-11T15:00:00,focus_nudge,10 min of distraction,Still on track? You have drifted for a few minutes - worth a reset.,34.0,0.20267307512616492,2026-08-11
U021,2026-08-11T16:20:00,break_reminder,focus likely to drop (p=0.26) after 62 min,Time for a break - you have been at it for 62 minutes. Five minutes away from the screen now beats twenty minutes of drift later.,62.0,0.2601808845194977,2026-08-11
U021,2026-08-13T09:30:00,break_reminder,102 min without a break,Time for a break - you have been at it for 102 minutes. Five minutes away from the screen now beats twenty minutes of drift later.,102.0,0.18242051501222856,2026-08-13
U021,2026-08-13T09:45:00,focus_nudge,10 min of distraction,Still on track? You have drifted for a few minutes - worth a reset.,117.0,0.22203075584447396,2026-08-13
U021,2026-08-13T12:40:00,focus_nudge,10 min of distraction,Still on track? You have drifted for a few minutes - worth a reset.,0.0,0.035187903393103404,2026-08-13
U021,2026-08-13T14:30:00,focus_nudge,10 min of distraction,Still on track? You have drifted for a few minutes - worth a reset.,22.0,0.21795652545559144,2026-08-13
U021,2026-08-13T15:55:00,break_reminder,107 min without a break,Time for a break - you have been at it for 107 minutes. Five minutes away from the screen now beats twenty minutes of drift later.,107.0,0.14513991951345545,2026-08-13
U021,2026-08-14T09:05:00,focus_nudge,10 min of distraction,Still on track? You have drifted for a few minutes - worth a reset.,56.0,0.11243628328823192,2026-08-14
U021,2026-08-14T14:00:00,focus_nudge,10 min of distraction,Still on track? You have drifted for a few minutes - worth a reset.,72.0,0.23769391113180294,2026-08-14
U021,2026-08-14T15:25:00,break_reminder,focus likely to drop (p=0.25) after 65 min,Time for a break - you have been at it for 65 minutes. Five minutes away from the screen now beats twenty minutes of drift later.,65.0,0.25410711329108054,2026-08-14
U021,2026-08-14T16:00:00,break_reminder,100 min without a break,Time for a break - you have been at it for 100 minutes. Five minutes away from the screen now beats twenty minutes of drift later.,100.0,0.1520746851861487,2026-08-14
U021,2026-08-14T16:30:00,focus_nudge,10 min of distraction,Still on track? You have drifted for a few minutes - worth a reset.,16.0,0.0563347759453804,2026-08-14
U021,2026-08-17T08:25:00,focus_nudge,10 min of distraction,Still on track? You have drifted for a few minutes - worth a reset.,30.0,0.1590309972243523,2026-08-17
U021,2026-08-17T11:10:00,break_reminder,101 min without a break,Time for a break - you have been at it for 101 minutes. Five minutes away from the screen now beats twenty minutes of drift later.,101.0,0.16412028611446117,2026-08-17
U021,2026-08-17T14:00:00,focus_nudge,10 min of distraction,Still on track? You have drifted for a few minutes - worth a reset.,54.0,0.3300504051085084,2026-08-17
U021,2026-08-17T14:20:00,focus_nudge,10 min of distraction,Still on track? You have drifted for a few minutes - worth a reset.,73.0,0.24701485246976151,2026-08-17
U021,2026-08-18T07:45:00,focus_nudge,10 min of distraction,Still on track? You have drifted for a few minutes - worth a reset.,12.0,0.19734402101455684,2026-08-18
U021,2026-08-18T09:35:00,break_reminder,100 min without a break,Time for a break - you have been at it for 100 minutes. Five minutes away from the screen now beats twenty minutes of drift later.,100.0,0.1990309278133739,2026-08-18
U021,2026-08-18T13:05:00,focus_nudge,10 min of distraction,Still on track? You have drifted for a few minutes - worth a reset.,65.0,0.21220222959090126,2026-08-18
U021,2026-08-18T13:20:00,focus_nudge,25 min of distraction,Still on track? You have drifted for a few minutes - worth a reset.,80.0,0.2032887889511699,2026-08-18
U021,2026-08-18T13:35:00,focus_nudge,40 min of distraction,Still on track? You have drifted for a few minutes - worth a reset.,95.0,0.12148176615940036,2026-08-18
U021,2026-08-18T13:50:00,break_reminder,110 min without a break,Time for a break - you have been at it for 110 minutes. Five minutes away from the screen now beats twenty minutes of drift later.,110.0,0.19109893618749765,2026-08-18
U021,2026-08-18T15:05:00,break_reminder,focus likely to drop (p=0.27) after 66 min,Time for a break - you have been at it for 66 minutes. Five minutes away from the screen now beats twenty minutes of drift later.,66.0,0.27268552922414474,2026-08-18
U021,2026-08-18T15:30:00,break_reminder,focus likely to drop (p=0.29) after 91 min,Time for a break - you have been at it for 91 minutes. Five minutes away from the screen now beats twenty minutes of drift later.,91.0,0.28585872091973097,2026-08-18
U021,2026-08-18T15:45:00,break_reminder,106 min without a break,Time for a break - you have been at it for 106 minutes. Five minutes away from the screen now beats twenty minutes of drift later.,106.0,0.057861205330035935,2026-08-18
U021,2026-08-19T09:55:00,focus_nudge,10 min of distraction,Still on track? You have drifted for a few minutes - worth a reset.,19.0,0.1538061217672753,2026-08-19
U021,2026-08-19T10:10:00,focus_nudge,10 min of distraction,Still on track? You have drifted for a few minutes - worth a reset.,34.0,0.11862109585622634,2026-08-19
U021,2026-08-19T12:20:00,focus_nudge,10 min of distraction,Still on track? You have drifted for a few minutes - worth a reset.,77.0,0.1879297204537434,2026-08-19
U021,2026-08-19T14:00:00,focus_nudge,10 min of distraction,Still on track? You have drifted for a few minutes - worth a reset.,45.0,0.3090965874127356,2026-08-19
U021,2026-08-19T15:35:00,break_reminder,focus likely to drop (p=0.25) after 61 min,Time for a break - you have been at it for 61 minutes. Five minutes away from the screen now beats twenty minutes of drift later.,61.0,0.25145103773552957,2026-08-19
U021,2026-08-19T16:15:00,break_reminder,101 min without a break,Time for a break - you have been at it for 101 minutes. Five minutes away from the screen now beats twenty minutes of drift later.,101.0,0.1721825774625963,2026-08-19
U021,2026-08-20T08:20:00,break_reminder,focus likely to drop (p=0.28) after 57 min,Time for a break - you have been at it for 57 minutes. Five minutes away from the screen now beats twenty minutes of drift later.,57.0,0.2822649543391618,2026-08-20
U021,2026-08-20T09:05:00,break_reminder,102 min without a break,Time for a break - you have been at it for 102 minutes. Five minutes away from the screen now beats twenty minutes of drift later.,102.0,0.19010255160770484,2026-08-20
U021,2026-08-20T09:20:00,focus_nudge,10 min of distraction,Still on track? You have drifted for a few minutes - worth a reset.,117.0,0.3340289621007525,2026-08-20
U021,2026-08-20T09:35:00,focus_nudge,25 min of distraction,Still on track? You have drifted for a few minutes - worth a reset.,132.0,0.17632430112120726,2026-08-20
U021,2026-08-20T11:05:00,focus_nudge,10 min of distraction,Still on track? You have drifted for a few minutes - worth a reset.,12.0,0.1349607769591315,2026-08-20
U021,2026-08-20T14:05:00,focus_nudge,10 min of distraction,Still on track? You have drifted for a few minutes - worth a reset.,14.0,0.2726803760516789,2026-08-20
U021,2026-08-20T14:35:00,break_reminder,focus likely to drop (p=0.27) after 43 min,Time for a break - you have been at it for 43 minutes. Five minutes away from the screen now beats twenty minutes of drift later.,43.0,0.26522995087937296,2026-08-20
U021,2026-08-21T07:45:00,focus_nudge,10 min of distraction,Still on track? You have drifted for a few minutes - worth a reset.,39.0,0.34134298872629815,2026-08-21
U021,2026-08-21T09:25:00,focus_nudge,10 min of distraction,Still on track? You have drifted for a few minutes - worth a reset.,83.0,0.2142830306386581,2026-08-21
U021,2026-08-21T12:30:00,break_reminder,focus likely to drop (p=0.30) after 42 min,Time for a break - you have been at it for 42 minutes. Five minutes away from the screen now beats twenty minutes of drift later.,42.0,0.29677391531637043,2026-08-21
U021,2026-08-21T14:20:00,focus_nudge,10 min of distraction,Still on track? You have drifted for a few minutes - worth a reset.,20.0,0.24058287275293505,2026-08-21
U021,2026-08-21T15:15:00,focus_nudge,10 min of distraction,Still on track? You have drifted for a few minutes - worth a reset.,75.0,0.39474972319180124,2026-08-21
U021,2026-08-21T15:40:00,break_reminder,100 min without a break,Time for a break - you have been at it for 100 minutes. Five minutes away from the screen now beats twenty minutes of drift later.,100.0,0.21440976146276758,2026-08-21
U021,2026-08-24T09:40:00,break_reminder,focus likely to drop (p=0.30) after 39 min,Time for a break - you have been at it for 39 minutes. Five minutes away from the screen now beats twenty minutes of drift later.,39.0,0.30496964178245095,2026-08-24
U021,2026-08-24T14:30:00,focus_nudge,10 min of distraction,Still on track? You have drifted for a few minutes - worth a reset.,62.0,0.24688223061977596,2026-08-24
U021,2026-08-25T08:25:00,focus_nudge,10 min of distraction,Still on track? You have drifted for a few minutes - worth a reset.,59.0,0.2242535759290015,2026-08-25
U021,2026-08-25T08:45:00,focus_nudge,10 min of distraction,Still on track? You have drifted for a few minutes - worth a reset.,79.0,0.13013380494768037,2026-08-25
U021,2026-08-25T09:10:00,break_reminder,104 min without a break,Time for a break - you have been at it for 104 minutes. Five minutes away from the screen now beats twenty minutes of drift later.,104.0,0.1797128692917789,2026-08-25
U021,2026-08-25T09:45:00,focus_nudge,10 min of distraction,Still on track? You have drifted for a few minutes - worth a reset.,30.0,0.18138755080767813,2026-08-25
U021,2026-08-25T12:40:00,focus_nudge,10 min of distraction,Still on track? You have drifted for a few minutes - worth a reset.,40.0,0.17241700534970836,2026-08-25
U021,2026-08-26T10:55:00,break_reminder,focus likely to drop (p=0.29) after 97 min,Time for a break - you have been at it for 97 minutes. Five minutes away from the screen now beats twenty minutes of drift later.,97.0,0.29391378587756173,2026-08-26
U021,2026-08-26T11:10:00,break_reminder,112 min without a break,Time for a break - you have been at it for 112 minutes. Five minutes away from the screen now beats twenty minutes of drift later.,112.0,0.16812343946845512,2026-08-26
U021,2026-08-26T11:25:00,focus_nudge,10 min of distraction,Still on track? You have drifted for a few minutes - worth a reset.,127.0,0.23058872258200133,2026-08-26
U021,2026-08-26T14:00:00,break_reminder,focus likely to drop (p=0.43) after 89 min,Time for a break - you have been at it for 89 minutes. Five minutes away from the screen now beats twenty minutes of drift later.,89.0,0.4286937529152704,2026-08-26
U021,2026-08-26T14:15:00,break_reminder,104 min without a break,Time for a break - you have been at it for 104 minutes. Five minutes away from the screen now beats twenty minutes of drift later.,104.0,0.42072790586853664,2026-08-26
U021,2026-08-26T15:15:00,break_reminder,focus likely to drop (p=0.26) after 164 min,Time for a break - you have been at it for 164 minutes. Five minutes away from the screen now beats twenty minutes of drift later.,164.0,0.2636964954746839,2026-08-26
U021,2026-08-26T15:30:00,focus_nudge,10 min of distraction,Still on track? You have drifted for a few minutes - worth a reset.,179.0,0.3305855885845655,2026-08-26
U021,2026-08-26T15:45:00,focus_nudge,10 min of distraction,Still on track? You have drifted for a few minutes - worth a reset.,194.0,0.2599615011680919,2026-08-26
U021,2026-08-26T16:00:00,break_reminder,209 min without a break,Time for a break - you have been at it for 209 minutes. Five minutes away from the screen now beats twenty minutes of drift later.,209.0,0.2973600262880027,2026-08-26
U021,2026-08-26T16:25:00,focus_nudge,10 min of distraction,Still on track? You have drifted for a few minutes - worth a reset.,20.0,0.10727321391085867,2026-08-26
U021,2026-08-27T07:55:00,focus_nudge,10 min of distraction,Still on track? You have drifted for a few minutes - worth a reset.,25.0,0.12142221370046048,2026-08-27
U021,2026-08-27T09:35:00,break_reminder,focus likely to drop (p=0.54) after 95 min,Time for a break - you have been at it for 95 minutes. Five minutes away from the screen now beats twenty minutes of drift later.,95.0,0.5389701680514012,2026-08-27
U021,2026-08-27T09:50:00,break_reminder,110 min without a break,Time for a break - you have been at it for 110 minutes. Five minutes away from the screen now beats twenty minutes of drift later.,110.0,0.17726062823596772,2026-08-27
U021,2026-08-27T11:25:00,focus_nudge,10 min of distraction,Still on track? You have drifted for a few minutes - worth a reset.,70.0,0.10463672561788927,2026-08-27
U021,2026-08-27T12:05:00,focus_nudge,10 min of distraction,Still on track? You have drifted for a few minutes - worth a reset.,16.0,0.21145462629444753,2026-08-27
U021,2026-08-27T13:30:00,break_reminder,101 min without a break,Time for a break - you have been at it for 101 minutes. Five minutes away from the screen now beats twenty minutes of drift later.,101.0,0.1277990370245503,2026-08-27
U021,2026-08-27T16:05:00,focus_nudge,10 min of distraction,Still on track? You have drifted for a few minutes - worth a reset.,37.0,0.15939390038961584,2026-08-27
U021,2026-08-28T07:40:00,break_reminder,focus likely to drop (p=0.25) after 51 min,Time for a break - you have been at it for 51 minutes. Five minutes away from the screen now beats twenty minutes of drift later.,51.0,0.24777053609492436,2026-08-28
U021,2026-08-28T09:00:00,focus_nudge,10 min of distraction,Still on track? You have drifted for a few minutes - worth a reset.,75.0,0.09575913207590325,2026-08-28
U021,2026-08-28T09:20:00,focus_nudge,10 min of distraction,Still on track? You have drifted for a few minutes - worth a reset.,95.0,0.1411573959103209,2026-08-28
U021,2026-08-28T09:35:00,break_reminder,110 min without a break,Time for a break - you have been at it for 110 minutes. Five minutes away from the screen now beats twenty minutes of drift later.,110.0,0.1547690615652242,2026-08-28
U021,2026-08-28T12:35:00,break_reminder,132 min without a break,Time for a break - you have been at it for 132 minutes. Five minutes away from the screen now beats twenty minutes of drift later.,132.0,0.43534576165145467,2026-08-28
U021,2026-08-28T14:25:00,focus_nudge,10 min of distraction,Still on track? You have drifted for a few minutes - worth a reset.,49.0,0.287277945046995,2026-08-28
U024,2026-08-03T08:55:00,focus_nudge,10 min of distraction,Still on track? You have drifted for a few minutes - worth a reset.,14.0,0.21593751185506008,2026-08-03
U024,2026-08-03T09:35:00,focus_nudge,10 min of distraction,Still on track? You have drifted for a few minutes - worth a reset.,52.0,0.21227480503315918,2026-08-03
U024,2026-08-03T09:50:00,focus_nudge,25 min of distraction,Still on track? You have drifted for a few minutes - worth a reset.,67.0,0.2593649881895793,2026-08-03
U024,2026-08-03T11:30:00,break_reminder,focus likely to drop (p=0.25) after 69 min,Time for a break - you have been at it for 69 minutes. Five minutes away from the screen now beats twenty minutes of drift later.,69.0,0.253233034351999,2026-08-03
U024,2026-08-03T16:00:00,break_reminder,100 min without a break,Time for a break - you have been at it for 100 minutes. Five minutes away from the screen now beats twenty minutes of drift later.,100.0,0.20357702755780963,2026-08-03
U024,2026-08-04T09:10:00,focus_nudge,10 min of distraction,Still on track? You have drifted for a few minutes - worth a reset.,33.0,0.16357047323005416,2026-08-04
U024,2026-08-04T09:35:00,focus_nudge,10 min of distraction,Still on track? You have drifted for a few minutes - worth a reset.,58.0,0.12687311718726432,2026-08-04
U024,2026-08-04T11:15:00,break_reminder,focus likely to drop (p=0.44) after 78 min,Time for a break - you have been at it for 78 minutes. Five minutes away from the screen now beats twenty minutes of drift later.,78.0,0.44243871189709033,2026-08-04
U024,2026-08-04T11:40:00,break_reminder,103 min without a break,Time for a break - you have been at it for 103 minutes. Five minutes away from the screen now beats twenty minutes of drift later.,103.0,0.17454893342179137,2026-08-04
U024,2026-08-04T13:00:00,focus_nudge,10 min of distraction,Still on track? You have drifted for a few minutes - worth a reset.,60.0,0.2373601224407332,2026-08-04
U024,2026-08-04T17:55:00,focus_nudge,10 min of distraction,Still on track? You have drifted for a few minutes - worth a reset.,12.0,0.12847571079827325,2026-08-04
U024,2026-08-05T10:10:00,focus_nudge,10 min of distraction,Still on track? You have drifted for a few minutes - worth a reset.,94.0,0.2521251342219856,2026-08-05
U024,2026-08-05T10:25:00,break_reminder,109 min without a break,Time for a break - you have been at it for 109 minutes. Five minutes away from the screen now beats twenty minutes of drift later.,109.0,0.16250834227004926,2026-08-05
U024,2026-08-05T13:20:00,focus_nudge,10 min of distraction,Still on track? You have drifted for a few minutes - worth a reset.,53.0,0.13374157318624577,2026-08-05
U024,2026-08-05T15:35:00,focus_nudge,10 min of distraction,Still on track? You have drifted for a few minutes - worth a reset.,41.0,0.21334875853872307,2026-08-05
U024,2026-08-06T12:05:00,focus_nudge,10 min of distraction,Still on track? You have drifted for a few minutes - worth a reset.,97.0,0.23933981627241827,2026-08-06
U024,2026-08-06T12:20:00,focus_nudge,25 min of distraction,Still on track? You have drifted for a few minutes - worth a reset.,0.0,0.029088692291075538,2026-08-06
U024,2026-08-06T14:35:00,focus_nudge,10 min of distraction,Still on track? You have drifted for a few minutes - worth a reset.,60.0,0.29658520195566795,2026-08-06
U024,2026-08-06T14:50:00,break_reminder,focus likely to drop (p=0.28) after 75 min,Time for a break - you have been at it for 75 minutes. Five minutes away from the screen now beats twenty minutes of drift later.,75.0,0.2789473379062893,2026-08-06
U024,2026-08-07T09:35:00,focus_nudge,10 min of distraction,Still on track? You have drifted for a few minutes - worth a reset.,25.0,0.10114959216872624,2026-08-07
U024,2026-08-07T11:00:00,break_reminder,110 min without a break,Time for a break - you have been at it for 110 minutes. Five minutes away from the screen now beats twenty minutes of drift later.,110.0,0.1910754411108746,2026-08-07
U024,2026-08-07T14:45:00,break_reminder,focus likely to drop (p=0.26) after 78 min,Time for a break - you have been at it for 78 minutes. Five minutes away from the screen now beats twenty minutes of drift later.,78.0,0.2586605557138154,2026-08-07
U024,2026-08-07T16:55:00,break_reminder,102 min without a break,Time for a break - you have been at it for 102 minutes. Five minutes away from the screen now beats twenty minutes of drift later.,102.0,0.18321934303549148,2026-08-07
U024,2026-08-10T12:25:00,focus_nudge,10 min of distraction,Still on track? You have drifted for a few minutes - worth a reset.,18.0,0.15571615547888887,2026-08-10
U024,2026-08-10T14:40:00,break_reminder,121 min without a break,Time for a break - you have been at it for 121 minutes. Five minutes away from the screen now beats twenty minutes of drift later.,121.0,0.18742325297798457,2026-08-10
U024,2026-08-11T13:55:00,break_reminder,102 min without a break,Time for a break - you have been at it for 102 minutes. Five minutes away from the screen now beats twenty minutes of drift later.,102.0,0.23191826639730162,2026-08-11
U024,2026-08-11T14:10:00,focus_nudge,10 min of distraction,Still on track? You have drifted for a few minutes - worth a reset.,117.0,0.2483866559670879,2026-08-11
U024,2026-08-11T14:25:00,break_reminder,focus likely to drop (p=0.26) after 132 min,Time for a break - you have been at it for 132 minutes. Five minutes away from the screen now beats twenty minutes of drift later.,132.0,0.2641746866947898,2026-08-11
U024,2026-08-12T11:25:00,break_reminder,focus likely to drop (p=0.63) after 84 min,Time for a break - you have been at it for 84 minutes. Five minutes away from the screen now beats twenty minutes of drift later.,84.0,0.6332335984338672,2026-08-12
U024,2026-08-12T11:45:00,break_reminder,104 min without a break,Time for a break - you have been at it for 104 minutes. Five minutes away from the screen now beats twenty minutes of drift later.,104.0,0.16221230858145402,2026-08-12
U024,2026-08-12T15:10:00,break_reminder,focus likely to drop (p=0.29) after 65 min,Time for a break - you have been at it for 65 minutes. Five minutes away from the screen now beats twenty minutes of drift later.,65.0,0.28546492517076544,2026-08-12
U024,2026-08-12T16:25:00,break_reminder,140 min without a break,Time for a break - you have been at it for 140 minutes. Five minutes away from the screen now beats twenty minutes of drift later.,140.0,0.14419644517216262,2026-08-12
U024,2026-08-13T12:55:00,focus_nudge,10 min of distraction,Still on track? You have drifted for a few minutes - worth a reset.,72.0,0.0950147147990883,2026-08-13
U024,2026-08-13T15:45:00,break_reminder,focus likely to drop (p=0.25) after 81 min,Time for a break - you have been at it for 81 minutes. Five minutes away from the screen now beats twenty minutes of drift later.,81.0,0.24600191960977144,2026-08-13
U024,2026-08-13T16:05:00,break_reminder,101 min without a break,Time for a break - you have been at it for 101 minutes. Five minutes away from the screen now beats twenty minutes of drift later.,101.0,0.18200152116736926,2026-08-13
U024,2026-08-14T11:00:00,break_reminder,focus likely to drop (p=0.26) after 54 min,Time for a break - you have been at it for 54 minutes. Five minutes away from the screen now beats twenty minutes of drift later.,54.0,0.25714605091095366,2026-08-14
U024,2026-08-14T11:50:00,break_reminder,103 min without a break,Time for a break - you have been at it for 103 minutes. Five minutes away from the screen now beats twenty minutes of drift later.,103.0,0.15047752658305796,2026-08-14
U024,2026-08-14T13:55:00,break_reminder,103 min without a break,Time for a break - you have been at it for 103 minutes. Five minutes away from the screen now beats twenty minutes of drift later.,103.0,0.201530251840013,2026-08-14
U024,2026-08-14T14:15:00,break_reminder,focus likely to drop (p=0.26) after 123 min,Time for a break - you have been at it for 123 minutes. Five minutes away from the screen now beats twenty minutes of drift later.,123.0,0.262990495145703,2026-08-14
U024,2026-08-14T15:25:00,break_reminder,focus likely to drop (p=0.29) after 191 min,Time for a break - you have been at it for 191 minutes. Five minutes away from the screen now beats twenty minutes of drift later.,191.0,0.2917956073802935,2026-08-14
U024,2026-08-14T15:40:00,break_reminder,206 min without a break,Time for a break - you have been at it for 206 minutes. Five minutes away from the screen now beats twenty minutes of drift later.,206.0,0.14037060604471793,2026-08-14
U024,2026-08-17T10:15:00,focus_nudge,10 min of distraction,Still on track? You have drifted for a few minutes - worth a reset.,28.0,0.10642976950659147,2026-08-17
U024,2026-08-17T10:50:00,focus_nudge,10 min of distraction,Still on track? You have drifted for a few minutes - worth a reset.,63.0,0.25823692038063084,2026-08-17
U024,2026-08-17T11:30:00,break_reminder,103 min without a break,Time for a break - you have been at it for 103 minutes. Five minutes away from the screen now beats twenty minutes of drift later.,103.0,0.19616216005042555,2026-08-17
U024,2026-08-17T11:45:00,break_reminder,focus likely to drop (p=0.33) after 118 min,Time for a break - you have been at it for 118 minutes. Five minutes away from the screen now beats twenty minutes of drift later.,118.0,0.33320488349872346,2026-08-17
U024,2026-08-17T12:30:00,focus_nudge,10 min of distraction,Still on track? You have drifted for a few minutes - worth a reset.,15.0,0.13485659781298234,2026-08-17
U024,2026-08-17T14:05:00,break_reminder,focus likely to drop (p=0.26) after 69 min,Time for a break - you have been at it for 69 minutes. Five minutes away from the screen now beats twenty minutes of drift later.,69.0,0.2598755417127613,2026-08-17
U024,2026-08-17T14:20:00,break_reminder,focus likely to drop (p=0.27) after 84 min,Time for a break - you have been at it for 84 minutes. Five minutes away from the screen now beats twenty minutes of drift later.,84.0,0.2677534696712307,2026-08-17
U024,2026-08-18T10:15:00,focus_nudge,10 min of distraction,Still on track? You have drifted for a few minutes - worth a reset.,53.0,0.1632959386603439,2026-08-18
U024,2026-08-18T11:05:00,break_reminder,103 min without a break,Time for a break - you have been at it for 103 minutes. Five minutes away from the screen now beats twenty minutes of drift later.,103.0,0.379793124880146,2026-08-18
U024,2026-08-18T11:40:00,focus_nudge,10 min of distraction,Still on track? You have drifted for a few minutes - worth a reset.,138.0,0.2966463360175342,2026-08-18
U024,2026-08-18T12:15:00,focus_nudge,10 min of distraction,Still on track? You have drifted for a few minutes - worth a reset.,173.0,0.20157338430599306,2026-08-18
U024,2026-08-18T12:35:00,focus_nudge,10 min of distraction,Still on track? You have drifted for a few minutes - worth a reset.,193.0,0.18909656847194278,2026-08-18
U024,2026-08-18T12:50:00,break_reminder,208 min without a break,Time for a break - you have been at it for 208 minutes. Five minutes away from the screen now beats twenty minutes of drift later.,208.0,0.16261619942599917,2026-08-18
U024,2026-08-18T14:05:00,break_reminder,focus likely to drop (p=0.25) after 65 min,Time for a break - you have been at it for 65 minutes. Five minutes away from the screen now beats twenty minutes of drift later.,65.0,0.24519806531076813,2026-08-18
U024,2026-08-18T14:20:00,break_reminder,focus likely to drop (p=0.25) after 80 min,Time for a break - you have been at it for 80 minutes. Five minutes away from the screen now beats twenty minutes of drift later.,80.0,0.2528641020505854,2026-08-18
U024,2026-08-18T14:35:00,break_reminder,focus likely to drop (p=0.29) after 95 min,Time for a break - you have been at it for 95 minutes. Five minutes away from the screen now beats twenty minutes of drift later.,95.0,0.2869999234079749,2026-08-18
U024,2026-08-18T14:50:00,break_reminder,110 min without a break,Time for a break - you have been at it for 110 minutes. Five minutes away from the screen now beats twenty minutes of drift later.,110.0,0.2867583593289308,2026-08-18
U024,2026-08-19T11:00:00,break_reminder,103 min without a break,Time for a break - you have been at it for 103 minutes. Five minutes away from the screen now beats twenty minutes of drift later.,103.0,0.2065427415252121,2026-08-19
U024,2026-08-19T13:55:00,break_reminder,104 min without a break,Time for a break - you have been at it for 104 minutes. Five minutes away from the screen now beats twenty minutes of drift later.,104.0,0.2593404584918209,2026-08-19
U024,2026-08-20T10:05:00,focus_nudge,10 min of distraction,Still on track? You have drifted for a few minutes - worth a reset.,47.0,0.09431078687727343,2026-08-20
U024,2026-08-20T11:00:00,break_reminder,focus likely to drop (p=0.27) after 94 min,Time for a break - you have been at it for 94 minutes. Five minutes away from the screen now beats twenty minutes of drift later.,94.0,0.2715204023331012,2026-08-20
U024,2026-08-20T12:15:00,focus_nudge,10 min of distraction,Still on track? You have drifted for a few minutes - worth a reset.,0.0,0.07693240088059335,2026-08-20
U024,2026-08-20T14:05:00,break_reminder,focus likely to drop (p=0.25) after 60 min,Time for a break - you have been at it for 60 minutes. Five minutes away from the screen now beats twenty minutes of drift later.,60.0,0.24969645365587603,2026-08-20
U024,2026-08-20T14:25:00,focus_nudge,10 min of distraction,Still on track? You have drifted for a few minutes - worth a reset.,80.0,0.1822645429637159,2026-08-20
U024,2026-08-20T14:40:00,focus_nudge,25 min of distraction,Still on track? You have drifted for a few minutes - worth a reset.,95.0,0.4046538384281009,2026-08-20
U024,2026-08-21T11:25:00,focus_nudge,10 min of distraction,Still on track? You have drifted for a few minutes - worth a reset.,27.0,0.08859759949590297,2026-08-21
U024,2026-08-21T12:05:00,focus_nudge,10 min of distraction,Still on track? You have drifted for a few minutes - worth a reset.,67.0,0.1220755280185506,2026-08-21
U024,2026-08-21T12:25:00,focus_nudge,10 min of distraction,Still on track? You have drifted for a few minutes - worth a reset.,87.0,0.165375332386018,2026-08-21
U024,2026-08-21T12:40:00,break_reminder,102 min without a break,Time for a break - you have been at it for 102 minutes. Five minutes away from the screen now beats twenty minutes of drift later.,102.0,0.1976389875907231,2026-08-21
U024,2026-08-21T13:55:00,focus_nudge,10 min of distraction,Still on track? You have drifted for a few minutes - worth a reset.,177.0,0.26007527196145136,2026-08-21
U024,2026-08-21T14:10:00,break_reminder,focus likely to drop (p=0.25) after 192 min,Time for a break - you have been at it for 192 minutes. Five minutes away from the screen now beats twenty minutes of drift later.,192.0,0.24738183462739774,2026-08-21
U024,2026-08-21T15:25:00,break_reminder,focus likely to drop (p=0.26) after 66 min,Time for a break - you have been at it for 66 minutes. Five minutes away from the screen now beats twenty minutes of drift later.,66.0,0.26369705750184663,2026-08-21
U024,2026-08-24T11:50:00,focus_nudge,10 min of distraction,Still on track? You have drifted for a few minutes - worth a reset.,72.0,0.19455845007380018,2026-08-24
U024,2026-08-24T12:20:00,break_reminder,102 min without a break,Time for a break - you have been at it for 102 minutes. Five minutes away from the screen now beats twenty minutes of drift later.,102.0,0.15099606183262126,2026-08-24
U024,2026-08-24T12:50:00,focus_nudge,10 min of distraction,Still on track? You have drifted for a few minutes - worth a reset.,132.0,0.0884262802582446,2026-08-24
U024,2026-08-24T16:05:00,break_reminder,100 min without a break,Time for a break - you have been at it for 100 minutes. Five minutes away from the screen now beats twenty minutes of drift later.,100.0,0.2064114277944125,2026-08-24
U024,2026-08-25T09:20:00,break_reminder,focus likely to drop (p=0.37) after 22 min,Time for a break - you have been at it for 22 minutes. Five minutes away from the screen now beats twenty minutes of drift later.,22.0,0.36792526550260823,2026-08-25
U024,2026-08-25T14:35:00,focus_nudge,10 min of distraction,Still on track? You have drifted for a few minutes - worth a reset.,23.0,0.23828199002514086,2026-08-25
U024,2026-08-26T10:00:00,focus_nudge,10 min of distraction,Still on track? You have drifted for a few minutes - worth a reset.,56.0,0.17479036879574306,2026-08-26
U024,2026-08-26T14:50:00,focus_nudge,10 min of distraction,Still on track? You have drifted for a few minutes - worth a reset.,24.0,0.24690187731418353,2026-08-26
U024,2026-08-26T17:45:00,break_reminder,focus likely to drop (p=0.26) after 38 min,Time for a break - you have been at it for 38 minutes. Five minutes away from the screen now beats twenty minutes of drift later.,38.0,0.2638142930532443,2026-08-26
U024,2026-08-27T10:25:00,focus_nudge,10 min of distraction,Still on track? You have drifted for a few minutes - worth a reset.,24.0,0.11581308687968264,2026-08-27
U024,2026-08-27T11:00:00,focus_nudge,10 min of distraction,Still on track? You have drifted for a few minutes - worth a reset.,59.0,0.2976389090828927,2026-08-27
U024,2026-08-27T14:25:00,focus_nudge,10 min of distraction,Still on track? You have drifted for a few minutes - worth a reset.,49.0,0.2148133503052101,2026-08-27
U024,2026-08-27T14:40:00,focus_nudge,25 min of distraction,Still on track? You have drifted for a few minutes - worth a reset.,64.0,0.23929602789873705,2026-08-27
U024,2026-08-27T16:40:00,break_reminder,102 min without a break,Time for a break - you have been at it for 102 minutes. Five minutes away from the screen now beats twenty minutes of drift later.,102.0,0.15506527016393276,2026-08-27
U024,2026-08-28T11:05:00,break_reminder,104 min without a break,Time for a break - you have been at it for 104 minutes. Five minutes away from the screen now beats twenty minutes of drift later.,104.0,0.17290073797229752,2026-08-28
U024,2026-08-28T15:25:00,break_reminder,focus likely to drop (p=0.56) after 58 min,Time for a break - you have been at it for 58 minutes. Five minutes away from the screen now beats twenty minutes of drift later.,58.0,0.5564395110755374,2026-08-28
U024,2026-08-28T15:40:00,break_reminder,focus likely to drop (p=0.41) after 73 min,Time for a break - you have been at it for 73 minutes. Five minutes away from the screen now beats twenty minutes of drift later.,73.0,0.40816374386224696,2026-08-28
U029,2026-08-03T09:20:00,focus_nudge,10 min of distraction,Still on track? You have drifted for a few minutes - worth a reset.,23.0,0.183556717794342,2026-08-03
U029,2026-08-03T09:35:00,focus_nudge,10 min of distraction,Still on track? You have drifted for a few minutes - worth a reset.,38.0,0.09200838259982677,2026-08-03
U029,2026-08-03T10:40:00,break_reminder,103 min without a break,Time for a break - you have been at it for 103 minutes. Five minutes away from the screen now beats twenty minutes of drift later.,103.0,0.17539450944751453,2026-08-03
U029,2026-08-03T10:55:00,focus_nudge,10 min of distraction,Still on track? You have drifted for a few minutes - worth a reset.,118.0,0.2223194228565743,2026-08-03
U029,2026-08-03T15:30:00,break_reminder,focus likely to drop (p=0.38) after 84 min,Time for a break - you have been at it for 84 minutes. Five minutes away from the screen now beats twenty minutes of drift later.,84.0,0.37891018306137136,2026-08-03
U029,2026-08-03T17:05:00,focus_nudge,10 min of distraction,Still on track? You have drifted for a few minutes - worth a reset.,55.0,0.28494096588839274,2026-08-03
U029,2026-08-04T12:20:00,break_reminder,109 min without a break,Time for a break - you have been at it for 109 minutes. Five minutes away from the screen now beats twenty minutes of drift later.,109.0,0.10072397178234974,2026-08-04
U029,2026-08-04T12:35:00,focus_nudge,10 min of distraction,Still on track? You have drifted for a few minutes - worth a reset.,124.0,0.24073293208915897,2026-08-04
U029,2026-08-04T14:30:00,focus_nudge,10 min of distraction,Still on track? You have drifted for a few minutes - worth a reset.,12.0,0.34942240520641044,2026-08-04
U029,2026-08-04T15:15:00,break_reminder,focus likely to drop (p=0.32) after 26 min,Time for a break - you have been at it for 26 minutes. Five minutes away from the screen now beats twenty minutes of drift later.,26.0,0.3154909175816251,2026-08-04
U029,2026-08-04T15:45:00,focus_nudge,10 min of distraction,Still on track? You have drifted for a few minutes - worth a reset.,26.0,0.2855454910499041,2026-08-04
U029,2026-08-05T08:45:00,focus_nudge,10 min of distraction,Still on track? You have drifted for a few minutes - worth a reset.,9.0,0.1564462851565643,2026-08-05
U029,2026-08-05T09:00:00,focus_nudge,25 min of distraction,Still on track? You have drifted for a few minutes - worth a reset.,24.0,0.11901639736662314,2026-08-05
U029,2026-08-05T09:15:00,focus_nudge,40 min of distraction,Still on track? You have drifted for a few minutes - worth a reset.,39.0,0.07455276887407698,2026-08-05
U029,2026-08-05T10:25:00,break_reminder,109 min without a break,Time for a break - you have been at it for 109 minutes. Five minutes away from the screen now beats twenty minutes of drift later.,109.0,0.16449030139718282,2026-08-05
U029,2026-08-05T10:55:00,focus_nudge,10 min of distraction,Still on track? You have drifted for a few minutes - worth a reset.,139.0,0.2925036806866362,2026-08-05
U029,2026-08-05T13:15:00,break_reminder,101 min without a break,Time for a break - you have been at it for 101 minutes. Five minutes away from the screen now beats twenty minutes of drift later.,101.0,0.14010557143104646,2026-08-05
U029,2026-08-05T15:10:00,break_reminder,focus likely to drop (p=0.56) after 51 min,Time for a break - you have been at it for 51 minutes. Five minutes away from the screen now beats twenty minutes of drift later.,51.0,0.5567248244750217,2026-08-05
U029,2026-08-06T10:40:00,break_reminder,103 min without a break,Time for a break - you have been at it for 103 minutes. Five minutes away from the screen now beats twenty minutes of drift later.,103.0,0.20736730991189417,2026-08-06
U029,2026-08-06T10:55:00,break_reminder,focus likely to drop (p=0.25) after 118 min,Time for a break - you have been at it for 118 minutes. Five minutes away from the screen now beats twenty minutes of drift later.,118.0,0.24685661339823875,2026-08-06
U029,2026-08-06T14:00:00,break_reminder,focus likely to drop (p=0.29) after 61 min,Time for a break - you have been at it for 61 minutes. Five minutes away from the screen now beats twenty minutes of drift later.,61.0,0.2896372667683839,2026-08-06
U029,2026-08-06T16:10:00,break_reminder,103 min without a break,Time for a break - you have been at it for 103 minutes. Five minutes away from the screen now beats twenty minutes of drift later.,103.0,0.1777894647358574,2026-08-06
U029,2026-08-06T16:30:00,break_reminder,focus likely to drop (p=0.53) after 123 min,Time for a break - you have been at it for 123 minutes. Five minutes away from the screen now beats twenty minutes of drift later.,123.0,0.5348180385959728,2026-08-06
U029,2026-08-07T09:50:00,focus_nudge,10 min of distraction,Still on track? You have drifted for a few minutes - worth a reset.,0.0,0.0324480161600172,2026-08-07
U029,2026-08-07T10:55:00,break_reminder,focus likely to drop (p=0.37) after 65 min,Time for a break - you have been at it for 65 minutes. Five minutes away from the screen now beats twenty minutes of drift later.,65.0,0.36716961775001333,2026-08-07
U029,2026-08-07T11:30:00,break_reminder,100 min without a break,Time for a break - you have been at it for 100 minutes. Five minutes away from the screen now beats twenty minutes of drift later.,100.0,0.1380397107764934,2026-08-07
U029,2026-08-07T15:30:00,focus_nudge,10 min of distraction,Still on track? You have drifted for a few minutes - worth a reset.,46.0,0.2825583767291556,2026-08-07
U029,2026-08-07T16:25:00,break_reminder,101 min without a break,Time for a break - you have been at it for 101 minutes. Five minutes away from the screen now beats twenty minutes of drift later.,101.0,0.13414908347957777,2026-08-07
U029,2026-08-07T17:05:00,focus_nudge,10 min of distraction,Still on track? You have drifted for a few minutes - worth a reset.,17.0,0.18704030755610965,2026-08-07
U029,2026-08-07T17:20:00,focus_nudge,10 min of distraction,Still on track? You have drifted for a few minutes - worth a reset.,32.0,0.0752802732265749,2026-08-07
U029,2026-08-10T09:55:00,focus_nudge,10 min of distraction,Still on track? You have drifted for a few minutes - worth a reset.,61.0,0.11768284245097199,2026-08-10
U029,2026-08-10T11:00:00,focus_nudge,10 min of distraction,Still on track? You have drifted for a few minutes - worth a reset.,10.0,0.3129550811186877,2026-08-10
U029,2026-08-10T14:20:00,break_reminder,focus likely to drop (p=0.25) after 59 min,Time for a break - you have been at it for 59 minutes. Five minutes away from the screen now beats twenty minutes of drift later.,59.0,0.24779769351873868,2026-08-10
U029,2026-08-10T14:35:00,focus_nudge,15 min of distraction,Still on track? You have drifted for a few minutes - worth a reset.,74.0,0.2192952261408178,2026-08-10
U029,2026-08-10T14:50:00,focus_nudge,30 min of distraction,Still on track? You have drifted for a few minutes - worth a reset.,89.0,0.2811813520708066,2026-08-10
U029,2026-08-10T15:05:00,break_reminder,104 min without a break,Time for a break - you have been at it for 104 minutes. Five minutes away from the screen now beats twenty minutes of drift later.,104.0,0.49715429152576773,2026-08-10
U029,2026-08-11T11:00:00,break_reminder,focus likely to drop (p=0.49) after 45 min,Time for a break - you have been at it for 45 minutes. Five minutes away from the screen now beats twenty minutes of drift later.,45.0,0.4911579189698842,2026-08-11
U029,2026-08-11T11:25:00,focus_nudge,10 min of distraction,Still on track? You have drifted for a few minutes - worth a reset.,70.0,0.17617678278012158,2026-08-11
U029,2026-08-11T14:40:00,focus_nudge,10 min of distraction,Still on track? You have drifted for a few minutes - worth a reset.,45.0,0.23145839203554086,2026-08-11
U029,2026-08-11T15:20:00,break_reminder,focus likely to drop (p=0.41) after 85 min,Time for a break - you have been at it for 85 minutes. Five minutes away from the screen now beats twenty minutes of drift later.,85.0,0.4074538477025951,2026-08-11
U029,2026-08-11T15:35:00,break_reminder,100 min without a break,Time for a break - you have been at it for 100 minutes. Five minutes away from the screen now beats twenty minutes of drift later.,100.0,0.2926684896068618,2026-08-11
U029,2026-08-11T16:05:00,focus_nudge,10 min of distraction,Still on track? You have drifted for a few minutes - worth a reset.,130.0,0.22498504205754216,2026-08-11
U029,2026-08-12T09:10:00,focus_nudge,10 min of distraction,Still on track? You have drifted for a few minutes - worth a reset.,16.0,0.1410684201415212,2026-08-12
U029,2026-08-12T09:40:00,break_reminder,focus likely to drop (p=0.36) after 46 min,Time for a break - you have been at it for 46 minutes. Five minutes away from the screen now beats twenty minutes of drift later.,46.0,0.3606374229546948,2026-08-12
U029,2026-08-12T10:25:00,focus_nudge,10 min of distraction,Still on track? You have drifted for a few minutes - worth a reset.,91.0,0.1456374736871412,2026-08-12
U029,2026-08-12T10:40:00,break_reminder,106 min without a break,Time for a break - you have been at it for 106 minutes. Five minutes away from the screen now beats twenty minutes of drift later.,106.0,0.21331391595864171,2026-08-12
U029,2026-08-12T12:30:00,break_reminder,102 min without a break,Time for a break - you have been at it for 102 minutes. Five minutes away from the screen now beats twenty minutes of drift later.,102.0,0.11793460319916174,2026-08-12
U029,2026-08-12T13:15:00,focus_nudge,10 min of distraction,Still on track? You have drifted for a few minutes - worth a reset.,147.0,0.1863031884026546,2026-08-12
U029,2026-08-12T14:45:00,focus_nudge,10 min of distraction,Still on track? You have drifted for a few minutes - worth a reset.,79.0,0.2669584846079899,2026-08-12
U029,2026-08-12T15:40:00,break_reminder,focus likely to drop (p=0.39) after 28 min,Time for a break - you have been at it for 28 minutes. Five minutes away from the screen now beats twenty minutes of drift later.,28.0,0.39454274687684143,2026-08-12
U029,2026-08-13T08:40:00,focus_nudge,10 min of distraction,Still on track? You have drifted for a few minutes - worth a reset.,30.0,0.1306906041143142,2026-08-13
U029,2026-08-13T10:55:00,break_reminder,focus likely to drop (p=0.26) after 94 min,Time for a break - you have been at it for 94 minutes. Five minutes away from the screen now beats twenty minutes of drift later.,94.0,0.2585190114744977,2026-08-13
U029,2026-08-13T11:30:00,break_reminder,focus likely to drop (p=0.29) after 20 min,Time for a break - you have been at it for 20 minutes. Five minutes away from the screen now beats twenty minutes of drift later.,20.0,0.29122801848986235,2026-08-13
U029,2026-08-13T12:00:00,focus_nudge,10 min of distraction,Still on track? You have drifted for a few minutes - worth a reset.,50.0,0.18087592079694442,2026-08-13
U029,2026-08-13T13:05:00,focus_nudge,10 min of distraction,Still on track? You have drifted for a few minutes - worth a reset.,30.0,0.23234870871549707,2026-08-13
U029,2026-08-13T14:35:00,break_reminder,focus likely to drop (p=0.53) after 38 min,Time for a break - you have been at it for 38 minutes. Five minutes away from the screen now beats twenty minutes of drift later.,38.0,0.5298178512927116,2026-08-13
U029,2026-08-13T15:55:00,focus_nudge,10 min of distraction,Still on track? You have drifted for a few minutes - worth a reset.,0.0,0.09482445604822719,2026-08-13
U029,2026-08-14T10:20:00,break_reminder,focus likely to drop (p=0.25) after 60 min,Time for a break - you have been at it for 60 minutes. Five minutes away from the screen now beats twenty minutes of drift later.,60.0,0.250353457875982,2026-08-14
U029,2026-08-14T12:20:00,focus_nudge,10 min of distraction,Still on track? You have drifted for a few minutes - worth a reset.,13.0,0.14608139879556284,2026-08-14
U029,2026-08-14T14:15:00,break_reminder,focus likely to drop (p=0.32) after 23 min,Time for a break - you have been at it for 23 minutes. Five minutes away from the screen now beats twenty minutes of drift later.,23.0,0.32022569098123144,2026-08-14
U029,2026-08-14T15:00:00,focus_nudge,10 min of distraction,Still on track? You have drifted for a few minutes - worth a reset.,68.0,0.3018938650344663,2026-08-14
U029,2026-08-14T15:15:00,break_reminder,focus likely to drop (p=0.28) after 83 min,Time for a break - you have been at it for 83 minutes. Five minutes away from the screen now beats twenty minutes of drift later.,83.0,0.2841038780685197,2026-08-14
U029,2026-08-14T15:35:00,break_reminder,103 min without a break,Time for a break - you have been at it for 103 minutes. Five minutes away from the screen now beats twenty minutes of drift later.,103.0,0.24180182177649126,2026-08-14
U029,2026-08-14T15:50:00,focus_nudge,10 min of distraction,Still on track? You have drifted for a few minutes - worth a reset.,118.0,0.26643429377084765,2026-08-14
U029,2026-08-14T16:45:00,break_reminder,focus likely to drop (p=0.41) after 49 min,Time for a break - you have been at it for 49 minutes. Five minutes away from the screen now beats twenty minutes of drift later.,49.0,0.4136177727412608,2026-08-14
U029,2026-08-14T17:05:00,focus_nudge,10 min of distraction,Still on track? You have drifted for a few minutes - worth a reset.,69.0,0.1877137043875207,2026-08-14
U029,2026-08-14T17:20:00,break_reminder,focus likely to drop (p=0.32) after 84 min,Time for a break - you have been at it for 84 minutes. Five minutes away from the screen now beats twenty minutes of drift later.,84.0,0.32400359516784477,2026-08-14
U029,2026-08-17T10:05:00,focus_nudge,10 min of distraction,Still on track? You have drifted for a few minutes - worth a reset.,61.0,0.13922737565167176,2026-08-17
U029,2026-08-17T10:45:00,break_reminder,101 min without a break,Time for a break - you have been at it for 101 minutes. Five minutes away from the screen now beats twenty minutes of drift later.,101.0,0.2022392837455674,2026-08-17
U029,2026-08-17T11:20:00,focus_nudge,10 min of distraction,Still on track? You have drifted for a few minutes - worth a reset.,14.0,0.26687941406312987,2026-08-17
U029,2026-08-17T12:30:00,focus_nudge,10 min of distraction,Still on track? You have drifted for a few minutes - worth a reset.,0.0,0.03805497309182961,2026-08-17
U029,2026-08-17T15:25:00,break_reminder,focus likely to drop (p=0.25) after 30 min,Time for a break - you have been at it for 30 minutes. Five minutes away from the screen now beats twenty minutes of drift later.,30.0,0.2544069473845555,2026-08-17
U029,2026-08-17T16:05:00,focus_nudge,10 min of distraction,Still on track? You have drifted for a few minutes - worth a reset.,19.0,0.13619991983691324,2026-08-17
U029,2026-08-18T09:40:00,focus_nudge,10 min of distraction,Still on track? You have drifted for a few minutes - worth a reset.,47.0,0.16652118857915038,2026-08-18
U029,2026-08-18T12:20:00,break_reminder,focus likely to drop (p=0.34) after 68 min,Time for a break - you have been at it for 68 minutes. Five minutes away from the screen now beats twenty minutes of drift later.,68.0,0.3389514229346637,2026-08-18
U029,2026-08-18T14:05:00,break_reminder,focus likely to drop (p=0.25) after 40 min,Time for a break - you have been at it for 40 minutes. Five minutes away from the screen now beats twenty minutes of drift later.,40.0,0.2549220998403059,2026-08-18
U029,2026-08-18T15:50:00,focus_nudge,10 min of distraction,Still on track? You have drifted for a few minutes - worth a reset.,35.0,0.23467570100120352,2026-08-18
U029,2026-08-18T16:05:00,focus_nudge,10 min of distraction,Still on track? You have drifted for a few minutes - worth a reset.,50.0,0.2955347276834559,2026-08-18
U029,2026-08-18T17:20:00,focus_nudge,10 min of distraction,Still on track? You have drifted for a few minutes - worth a reset.,57.0,0.2394355785839947,2026-08-18
U029,2026-08-20T12:20:00,focus_nudge,10 min of distraction,Still on track? You have drifted for a few minutes - worth a reset.,88.0,0.25134186796523983,2026-08-20
U029,2026-08-20T12:35:00,break_reminder,103 min without a break,Time for a break - you have been at it for 103 minutes. Five minutes away from the screen now beats twenty minutes of drift later.,103.0,0.17932211351371624,2026-08-20
U029,2026-08-20T14:15:00,focus_nudge,10 min of distraction,Still on track? You have drifted for a few minutes - worth a reset.,82.0,0.3540202309730185,2026-08-20
U029,2026-08-20T14:40:00,focus_nudge,10 min of distraction,Still on track? You have drifted for a few minutes - worth a reset.,19.0,0.1571228129122318,2026-08-20
U029,2026-08-20T14:55:00,focus_nudge,25 min of distraction,Still on track? You have drifted for a few minutes - worth a reset.,34.0,0.19567032121236316,2026-08-20
U029,2026-08-20T16:05:00,break_reminder,104 min without a break,Time for a break - you have been at it for 104 minutes. Five minutes away from the screen now beats twenty minutes of drift later.,104.0,0.12841915120686956,2026-08-20
U029,2026-08-21T08:30:00,focus_nudge,10 min of distraction,Still on track? You have drifted for a few minutes - worth a reset.,8.0,0.11609627732072987,2026-08-21
U029,2026-08-21T10:05:00,break_reminder,103 min without a break,Time for a break - you have been at it for 103 minutes. Five minutes away from the screen now beats twenty minutes of drift later.,103.0,0.1670418811395532,2026-08-21
U029,2026-08-21T10:35:00,focus_nudge,10 min of distraction,Still on track? You have drifted for a few minutes - worth a reset.,133.0,0.29184945665688333,2026-08-21
U029,2026-08-24T12:25:00,focus_nudge,10 min of distraction,Still on track? You have drifted for a few minutes - worth a reset.,32.0,0.12604738489259312,2026-08-24
U029,2026-08-24T14:05:00,break_reminder,focus likely to drop (p=0.31) after 51 min,Time for a break - you have been at it for 51 minutes. Five minutes away from the screen now beats twenty minutes of drift later.,51.0,0.31192793878873276,2026-08-24
U029,2026-08-24T15:00:00,break_reminder,focus likely to drop (p=0.27) after 31 min,Time for a break - you have been at it for 31 minutes. Five minutes away from the screen now beats twenty minutes of drift later.,31.0,0.2690514694533792,2026-08-24
U029,2026-08-24T15:30:00,focus_nudge,10 min of distraction,Still on track? You have drifted for a few minutes - worth a reset.,61.0,0.2107970940478341,2026-08-24
U029,2026-08-24T15:45:00,break_reminder,focus likely to drop (p=0.25) after 76 min,Time for a break - you have been at it for 76 minutes. Five minutes away from the screen now beats twenty minutes of drift later.,76.0,0.2545570543314091,2026-08-24
U029,2026-08-24T17:05:00,focus_nudge,10 min of distraction,Still on track? You have drifted for a few minutes - worth a reset.,27.0,0.18192669493931637,2026-08-24
U029,2026-08-24T18:40:00,break_reminder,focus likely to drop (p=0.27) after 67 min,Time for a break - you have been at it for 67 minutes. Five minutes away from the screen now beats twenty minutes of drift later.,67.0,0.26693129399062077,2026-08-24
U029,2026-08-24T18:55:00,focus_nudge,15 min of distraction,Still on track? You have drifted for a few minutes - worth a reset.,82.0,0.23000896268525495,2026-08-24
U029,2026-08-24T19:15:00,break_reminder,102 min without a break,Time for a break - you have been at it for 102 minutes. Five minutes away from the screen now beats twenty minutes of drift later.,102.0,0.08222226430200136,2026-08-24
U029,2026-08-25T09:30:00,focus_nudge,10 min of distraction,Still on track? You have drifted for a few minutes - worth a reset.,40.0,0.08798591903004951,2026-08-25
U029,2026-08-25T10:30:00,focus_nudge,10 min of distraction,Still on track? You have drifted for a few minutes - worth a reset.,57.0,0.18514960306391853,2026-08-25
U029,2026-08-25T11:15:00,break_reminder,102 min without a break,Time for a break - you have been at it for 102 minutes. Five minutes away from the screen now beats twenty minutes of drift later.,102.0,0.19091476027808138,2026-08-25
U029,2026-08-25T13:55:00,break_reminder,101 min without a break,Time for a break - you have been at it for 101 minutes. Five minutes away from the screen now beats twenty minutes of drift later.,101.0,0.17800599256567695,2026-08-25
U029,2026-08-25T14:10:00,break_reminder,focus likely to drop (p=0.25) after 116 min,Time for a break - you have been at it for 116 minutes. Five minutes away from the screen now beats twenty minutes of drift later.,116.0,0.2525501655295017,2026-08-25
U029,2026-08-25T16:00:00,focus_nudge,10 min of distraction,Still on track? You have drifted for a few minutes - worth a reset.,27.0,0.1792426134223073,2026-08-25
U029,2026-08-26T10:35:00,break_reminder,103 min without a break,Time for a break - you have been at it for 103 minutes. Five minutes away from the screen now beats twenty minutes of drift later.,103.0,0.18137875276501134,2026-08-26
U029,2026-08-26T11:45:00,break_reminder,focus likely to drop (p=0.33) after 46 min,Time for a break - you have been at it for 46 minutes. Five minutes away from the screen now beats twenty minutes of drift later.,46.0,0.334731282532629,2026-08-26
U029,2026-08-26T14:10:00,break_reminder,focus likely to drop (p=0.28) after 67 min,Time for a break - you have been at it for 67 minutes. Five minutes away from the screen now beats twenty minutes of drift later.,67.0,0.27805988109634316,2026-08-26
U029,2026-08-26T14:35:00,focus_nudge,10 min of distraction,Still on track? You have drifted for a few minutes - worth a reset.,19.0,0.3039750831687796,2026-08-26
U029,2026-08-27T09:55:00,focus_nudge,10 min of distraction,Still on track? You have drifted for a few minutes - worth a reset.,64.0,0.17897167346786694,2026-08-27
U029,2026-08-27T10:20:00,focus_nudge,10 min of distraction,Still on track? You have drifted for a few minutes - worth a reset.,0.0,0.05631931368920097,2026-08-27
U029,2026-08-27T10:35:00,focus_nudge,10 min of distraction,Still on track? You have drifted for a few minutes - worth a reset.,13.0,0.12873214248996448,2026-08-27
U029,2026-08-27T11:50:00,focus_nudge,10 min of distraction,Still on track? You have drifted for a few minutes - worth a reset.,68.0,0.19245687106149362,2026-08-27
U029,2026-08-27T12:05:00,break_reminder,focus likely to drop (p=0.33) after 83 min,Time for a break - you have been at it for 83 minutes. Five minutes away from the screen now beats twenty minutes of drift later.,83.0,0.32948641252816757,2026-08-27
U029,2026-08-27T12:25:00,break_reminder,103 min without a break,Time for a break - you have been at it for 103 minutes. Five minutes away from the screen now beats twenty minutes of drift later.,103.0,0.19259915788651957,2026-08-27
U029,2026-08-27T15:40:00,break_reminder,focus likely to drop (p=0.26) after 53 min,Time for a break - you have been at it for 53 minutes. Five minutes away from the screen now beats twenty minutes of drift later.,53.0,0.2620831190652939,2026-08-27
U029,2026-08-28T11:50:00,break_reminder,104 min without a break,Time for a break - you have been at it for 104 minutes. Five minutes away from the screen now beats twenty minutes of drift later.,104.0,0.1604413953291895,2026-08-28
U029,2026-08-28T12:50:00,focus_nudge,10 min of distraction,Still on track? You have drifted for a few minutes - worth a reset.,11.0,0.274002810600395,2026-08-28
U029,2026-08-28T13:10:00,focus_nudge,10 min of distraction,Still on track? You have drifted for a few minutes - worth a reset.,31.0,0.20976298983626543,2026-08-28
U029,2026-08-28T13:25:00,focus_nudge,25 min of distraction,Still on track? You have drifted for a few minutes - worth a reset.,46.0,0.1257308594915022,2026-08-28
U029,2026-08-28T14:10:00,break_reminder,focus likely to drop (p=0.24) after 91 min,Time for a break - you have been at it for 91 minutes. Five minutes away from the screen now beats twenty minutes of drift later.,91.0,0.24476459247977272,2026-08-28
U029,2026-08-28T14:25:00,break_reminder,106 min without a break,Time for a break - you have been at it for 106 minutes. Five minutes away from the screen now beats twenty minutes of drift later.,106.0,0.28158478781915836,2026-08-28
U029,2026-08-28T15:15:00,break_reminder,focus likely to drop (p=0.25) after 156 min,Time for a break - you have been at it for 156 minutes. Five minutes away from the screen now beats twenty minutes of drift later.,156.0,0.2480928317836625,2026-08-28
U031,2026-08-03T13:30:00,break_reminder,102 min without a break,Time for a break - you have been at it for 102 minutes. Five minutes away from the screen now beats twenty minutes of drift later.,102.0,0.16288875077414747,2026-08-03
U031,2026-08-03T13:55:00,break_reminder,focus likely to drop (p=0.31) after 127 min,Time for a break - you have been at it for 127 minutes. Five minutes away from the screen now beats twenty minutes of drift later.,127.0,0.3101499487052083,2026-08-03
U031,2026-08-03T15:40:00,break_reminder,focus likely to drop (p=0.26) after 81 min,Time for a break - you have been at it for 81 minutes. Five minutes away from the screen now beats twenty minutes of drift later.,81.0,0.26438955010868787,2026-08-03
U031,2026-08-03T16:00:00,break_reminder,101 min without a break,Time for a break - you have been at it for 101 minutes. Five minutes away from the screen now beats twenty minutes of drift later.,101.0,0.21125032025330376,2026-08-03
U031,2026-08-03T16:20:00,focus_nudge,10 min of distraction,Still on track? You have drifted for a few minutes - worth a reset.,121.0,0.341195924371959,2026-08-03
U031,2026-08-04T10:45:00,break_reminder,focus likely to drop (p=0.25) after 91 min,Time for a break - you have been at it for 91 minutes. Five minutes away from the screen now beats twenty minutes of drift later.,91.0,0.25056043948661194,2026-08-04
U031,2026-08-04T11:50:00,break_reminder,156 min without a break,Time for a break - you have been at it for 156 minutes. Five minutes away from the screen now beats twenty minutes of drift later.,156.0,0.10167152442998506,2026-08-04
U031,2026-08-04T13:00:00,focus_nudge,10 min of distraction,Still on track? You have drifted for a few minutes - worth a reset.,57.0,0.29467801916250513,2026-08-04
U031,2026-08-04T13:55:00,break_reminder,112 min without a break,Time for a break - you have been at it for 112 minutes. Five minutes away from the screen now beats twenty minutes of drift later.,112.0,0.1858024246407762,2026-08-04
U031,2026-08-04T14:15:00,break_reminder,focus likely to drop (p=0.48) after 132 min,Time for a break - you have been at it for 132 minutes. Five minutes away from the screen now beats twenty minutes of drift later.,132.0,0.4760801158279811,2026-08-04
U031,2026-08-04T14:30:00,focus_nudge,15 min of distraction,Still on track? You have drifted for a few minutes - worth a reset.,147.0,0.4559233706621462,2026-08-04
U031,2026-08-04T16:40:00,break_reminder,117 min without a break,Time for a break - you have been at it for 117 minutes. Five minutes away from the screen now beats twenty minutes of drift later.,117.0,0.26635998791446314,2026-08-04
U031,2026-08-05T11:20:00,break_reminder,121 min without a break,Time for a break - you have been at it for 121 minutes. Five minutes away from the screen now beats twenty minutes of drift later.,121.0,0.3555451491984456,2026-08-05
U031,2026-08-05T14:00:00,break_reminder,focus likely to drop (p=0.25) after 36 min,Time for a break - you have been at it for 36 minutes. Five minutes away from the screen now beats twenty minutes of drift later.,36.0,0.2486920882921783,2026-08-05
U031,2026-08-05T14:45:00,break_reminder,focus likely to drop (p=0.25) after 81 min,Time for a break - you have been at it for 81 minutes. Five minutes away from the screen now beats twenty minutes of drift later.,81.0,0.24972162311570925,2026-08-05
U031,2026-08-05T16:45:00,break_reminder,100 min without a break,Time for a break - you have been at it for 100 minutes. Five minutes away from the screen now beats twenty minutes of drift later.,100.0,0.1397356395398048,2026-08-05
U031,2026-08-05T17:05:00,focus_nudge,10 min of distraction,Still on track? You have drifted for a few minutes - worth a reset.,120.0,0.23011729885636564,2026-08-05
U031,2026-08-05T19:10:00,focus_nudge,10 min of distraction,Still on track? You have drifted for a few minutes - worth a reset.,11.0,0.1256819508914024,2026-08-05
U031,2026-08-06T13:45:00,focus_nudge,10 min of distraction,Still on track? You have drifted for a few minutes - worth a reset.,66.0,0.2729567544226708,2026-08-06
U031,2026-08-06T14:05:00,focus_nudge,10 min of distraction,Still on track? You have drifted for a few minutes - worth a reset.,86.0,0.32412970280103637,2026-08-06
U031,2026-08-06T14:20:00,break_reminder,101 min without a break,Time for a break - you have been at it for 101 minutes. Five minutes away from the screen now beats twenty minutes of drift later.,101.0,0.314162005729259,2026-08-06
U031,2026-08-06T14:35:00,focus_nudge,10 min of distraction,Still on track? You have drifted for a few minutes - worth a reset.,116.0,0.41983968338706956,2026-08-06
U031,2026-08-06T14:50:00,focus_nudge,25 min of distraction,Still on track? You have drifted for a few minutes - worth a reset.,131.0,0.5727462155355605,2026-08-06
U031,2026-08-06T19:25:00,break_reminder,focus likely to drop (p=0.27) after 59 min,Time for a break - you have been at it for 59 minutes. Five minutes away from the screen now beats twenty minutes of drift later.,59.0,0.2700939590956731,2026-08-06
U031,2026-08-06T19:40:00,break_reminder,focus likely to drop (p=0.28) after 74 min,Time for a break - you have been at it for 74 minutes. Five minutes away from the screen now beats twenty minutes of drift later.,74.0,0.2780121671134366,2026-08-06
U031,2026-08-07T11:45:00,focus_nudge,10 min of distraction,Still on track? You have drifted for a few minutes - worth a reset.,82.0,0.2616973184143088,2026-08-07
U031,2026-08-07T12:05:00,break_reminder,102 min without a break,Time for a break - you have been at it for 102 minutes. Five minutes away from the screen now beats twenty minutes of drift later.,102.0,0.24184414294085924,2026-08-07
U031,2026-08-07T13:55:00,break_reminder,104 min without a break,Time for a break - you have been at it for 104 minutes. Five minutes away from the screen now beats twenty minutes of drift later.,104.0,0.19776662050610241,2026-08-07
U031,2026-08-07T14:50:00,break_reminder,focus likely to drop (p=0.27) after 159 min,Time for a break - you have been at it for 159 minutes. Five minutes away from the screen now beats twenty minutes of drift later.,159.0,0.2700289903214332,2026-08-07
U031,2026-08-10T14:40:00,focus_nudge,10 min of distraction,Still on track? You have drifted for a few minutes - worth a reset.,22.0,0.13565167108397277,2026-08-10
U031,2026-08-10T16:05:00,focus_nudge,10 min of distraction,Still on track? You have drifted for a few minutes - worth a reset.,32.0,0.4006400818038104,2026-08-10
U031,2026-08-10T16:45:00,break_reminder,focus likely to drop (p=0.32) after 72 min,Time for a break - you have been at it for 72 minutes. Five minutes away from the screen now beats twenty minutes of drift later.,72.0,0.31934895304609706,2026-08-10
U031,2026-08-11T13:15:00,focus_nudge,10 min of distraction,Still on track? You have drifted for a few minutes - worth a reset.,81.0,0.1904980266686654,2026-08-11
U031,2026-08-11T14:05:00,break_reminder,focus likely to drop (p=0.39) after 21 min,Time for a break - you have been at it for 21 minutes. Five minutes away from the screen now beats twenty minutes of drift later.,21.0,0.3893790552149995,2026-08-11
U031,2026-08-11T14:35:00,focus_nudge,10 min of distraction,Still on track? You have drifted for a few minutes - worth a reset.,22.0,0.3183383690822428,2026-08-11
U031,2026-08-11T14:50:00,break_reminder,focus likely to drop (p=0.27) after 37 min,Time for a break - you have been at it for 37 minutes. Five minutes away from the screen now beats twenty minutes of drift later.,37.0,0.2666187973909945,2026-08-11
U031,2026-08-11T15:05:00,focus_nudge,10 min of distraction,Still on track? You have drifted for a few minutes - worth a reset.,52.0,0.3257686412835219,2026-08-11
U031,2026-08-11T15:25:00,break_reminder,focus likely to drop (p=0.25) after 72 min,Time for a break - you have been at it for 72 minutes. Five minutes away from the screen now beats twenty minutes of drift later.,72.0,0.2503841237860837,2026-08-11
U031,2026-08-11T15:40:00,focus_nudge,15 min of distraction,Still on track? You have drifted for a few minutes - worth a reset.,87.0,0.2447922238305931,2026-08-11
U031,2026-08-11T15:55:00,break_reminder,102 min without a break,Time for a break - you have been at it for 102 minutes. Five minutes away from the screen now beats twenty minutes of drift later.,102.0,0.296018052286298,2026-08-11
U031,2026-08-11T16:30:00,break_reminder,focus likely to drop (p=0.29) after 137 min,Time for a break - you have been at it for 137 minutes. Five minutes away from the screen now beats twenty minutes of drift later.,137.0,0.29142996308105634,2026-08-11
U031,2026-08-12T11:25:00,break_reminder,113 min without a break,Time for a break - you have been at it for 113 minutes. Five minutes away from the screen now beats twenty minutes of drift later.,113.0,0.1707386974190829,2026-08-12
U031,2026-08-12T11:55:00,break_reminder,focus likely to drop (p=0.31) after 143 min,Time for a break - you have been at it for 143 minutes. Five minutes away from the screen now beats twenty minutes of drift later.,143.0,0.31092467601188595,2026-08-12
U031,2026-08-12T14:40:00,break_reminder,focus likely to drop (p=0.29) after 80 min,Time for a break - you have been at it for 80 minutes. Five minutes away from the screen now beats twenty minutes of drift later.,80.0,0.2859965913564706,2026-08-12
U031,2026-08-12T14:55:00,focus_nudge,10 min of distraction,Still on track? You have drifted for a few minutes - worth a reset.,95.0,0.35029499851748414,2026-08-12
U031,2026-08-12T15:10:00,break_reminder,110 min without a break,Time for a break - you have been at it for 110 minutes. Five minutes away from the screen now beats twenty minutes of drift later.,110.0,0.26908207928592875,2026-08-12
U031,2026-08-12T16:05:00,focus_nudge,10 min of distraction,Still on track? You have drifted for a few minutes - worth a reset.,51.0,0.29526882276179045,2026-08-12
U031,2026-08-12T18:00:00,break_reminder,104 min without a break,Time for a break - you have been at it for 104 minutes. Five minutes away from the screen now beats twenty minutes of drift later.,104.0,0.16366808532605864,2026-08-12
U031,2026-08-13T12:25:00,break_reminder,104 min without a break,Time for a break - you have been at it for 104 minutes. Five minutes away from the screen now beats twenty minutes of drift later.,104.0,0.19350901586625527,2026-08-13
U031,2026-08-13T12:40:00,focus_nudge,10 min of distraction,Still on track? You have drifted for a few minutes - worth a reset.,119.0,0.1519494436228265,2026-08-13
U031,2026-08-13T13:40:00,break_reminder,focus likely to drop (p=0.29) after 47 min,Time for a break - you have been at it for 47 minutes. Five minutes away from the screen now beats twenty minutes of drift later.,47.0,0.28812795173201206,2026-08-13
U031,2026-08-13T14:25:00,break_reminder,focus likely to drop (p=0.29) after 28 min,Time for a break - you have been at it for 28 minutes. Five minutes away from the screen now beats twenty minutes of drift later.,28.0,0.29359858440948244,2026-08-13
U031,2026-08-13T14:45:00,break_reminder,focus likely to drop (p=0.29) after 48 min,Time for a break - you have been at it for 48 minutes. Five minutes away from the screen now beats twenty minutes of drift later.,48.0,0.2897001096945485,2026-08-13
U031,2026-08-13T15:15:00,break_reminder,focus likely to drop (p=0.41) after 66 min,Time for a break - you have been at it for 66 minutes. Five minutes away from the screen now beats twenty minutes of drift later.,66.0,0.4096603728204792,2026-08-13
U031,2026-08-13T15:35:00,focus_nudge,10 min of distraction,Still on track? You have drifted for a few minutes - worth a reset.,86.0,0.2583942830531721,2026-08-13
U031,2026-08-13T16:15:00,break_reminder,focus likely to drop (p=0.30) after 30 min,Time for a break - you have been at it for 30 minutes. Five minutes away from the screen now beats twenty minutes of drift later.,30.0,0.30085623261825306,2026-08-13
U031,2026-08-13T17:05:00,focus_nudge,10 min of distraction,Still on track? You have drifted for a few minutes - worth a reset.,25.0,0.2114368279690497,2026-08-13
U031,2026-08-13T18:00:00,focus_nudge,10 min of distraction,Still on track? You have drifted for a few minutes - worth a reset.,38.0,0.24765162205565786,2026-08-13
U031,2026-08-14T11:30:00,focus_nudge,10 min of distraction,Still on track? You have drifted for a few minutes - worth a reset.,50.0,0.207807295696707,2026-08-14
U031,2026-08-14T12:10:00,focus_nudge,10 min of distraction,Still on track? You have drifted for a few minutes - worth a reset.,90.0,0.26697761395035524,2026-08-14
U031,2026-08-14T14:00:00,break_reminder,focus likely to drop (p=0.34) after 50 min,Time for a break - you have been at it for 50 minutes. Five minutes away from the screen now beats twenty minutes of drift later.,50.0,0.3384039073770895,2026-08-14
U031,2026-08-14T14:15:00,break_reminder,focus likely to drop (p=0.41) after 65 min,Time for a break - you have been at it for 65 minutes. Five minutes away from the screen now beats twenty minutes of drift later.,65.0,0.41284479418482833,2026-08-14
U031,2026-08-14T14:30:00,break_reminder,focus likely to drop (p=0.27) after 80 min,Time for a break - you have been at it for 80 minutes. Five minutes away from the screen now beats twenty minutes of drift later.,80.0,0.2749211186026359,2026-08-14
U031,2026-08-14T14:45:00,focus_nudge,10 min of distraction,Still on track? You have drifted for a few minutes - worth a reset.,95.0,0.3160081572038009,2026-08-14
U031,2026-08-14T15:40:00,focus_nudge,10 min of distraction,Still on track? You have drifted for a few minutes - worth a reset.,15.0,0.3051895931114406,2026-08-14
U031,2026-08-17T10:30:00,focus_nudge,10 min of distraction,Still on track? You have drifted for a few minutes - worth a reset.,23.0,0.14968201990077268,2026-08-17
U031,2026-08-17T10:50:00,focus_nudge,10 min of distraction,Still on track? You have drifted for a few minutes - worth a reset.,43.0,0.1527544097717677,2026-08-17
U031,2026-08-17T13:05:00,break_reminder,103 min without a break,Time for a break - you have been at it for 103 minutes. Five minutes away from the screen now beats twenty minutes of drift later.,103.0,0.18699646854472518,2026-08-17
U031,2026-08-17T14:15:00,break_reminder,focus likely to drop (p=0.30) after 50 min,Time for a break - you have been at it for 50 minutes. Five minutes away from the screen now beats twenty minutes of drift later.,50.0,0.29887103817382327,2026-08-17
U031,2026-08-17T14:30:00,focus_nudge,15 min of distraction,Still on track? You have drifted for a few minutes - worth a reset.,65.0,0.40014649380802325,2026-08-17
U031,2026-08-17T15:40:00,focus_nudge,10 min of distraction,Still on track? You have drifted for a few minutes - worth a reset.,54.0,0.35551890623820953,2026-08-17
U031,2026-08-17T17:40:00,break_reminder,105 min without a break,Time for a break - you have been at it for 105 minutes. Five minutes away from the screen now beats twenty minutes of drift later.,105.0,0.14618573656966646,2026-08-17
U031,2026-08-18T12:10:00,break_reminder,102 min without a break,Time for a break - you have been at it for 102 minutes. Five minutes away from the screen now beats twenty minutes of drift later.,102.0,0.18297726717792356,2026-08-18
U031,2026-08-18T14:30:00,break_reminder,focus likely to drop (p=0.25) after 52 min,Time for a break - you have been at it for 52 minutes. Five minutes away from the screen now beats twenty minutes of drift later.,52.0,0.2507330890908502,2026-08-18
U031,2026-08-18T14:45:00,break_reminder,focus likely to drop (p=0.30) after 67 min,Time for a break - you have been at it for 67 minutes. Five minutes away from the screen now beats twenty minutes of drift later.,67.0,0.29537028683613925,2026-08-18
U031,2026-08-18T15:15:00,focus_nudge,10 min of distraction,Still on track? You have drifted for a few minutes - worth a reset.,10.0,0.3271549352823992,2026-08-18
U031,2026-08-18T15:50:00,focus_nudge,10 min of distraction,Still on track? You have drifted for a few minutes - worth a reset.,22.0,0.3522935146682487,2026-08-18
U031,2026-08-18T17:10:00,break_reminder,102 min without a break,Time for a break - you have been at it for 102 minutes. Five minutes away from the screen now beats twenty minutes of drift later.,102.0,0.19924710486878378,2026-08-18
U031,2026-08-19T10:25:00,focus_nudge,10 min of distraction,Still on track? You have drifted for a few minutes - worth a reset.,52.0,0.191655280712917,2026-08-19
U031,2026-08-19T11:15:00,break_reminder,102 min without a break,Time for a break - you have been at it for 102 minutes. Five minutes away from the screen now beats twenty minutes of drift later.,102.0,0.4082844235184232,2026-08-19
U031,2026-08-19T14:05:00,break_reminder,focus likely to drop (p=0.28) after 52 min,Time for a break - you have been at it for 52 minutes. Five minutes away from the screen now beats twenty minutes of drift later.,52.0,0.28097232032589275,2026-08-19
U031,2026-08-19T14:20:00,break_reminder,focus likely to drop (p=0.27) after 67 min,Time for a break - you have been at it for 67 minutes. Five minutes away from the screen now beats twenty minutes of drift later.,67.0,0.2687300884717392,2026-08-19
U031,2026-08-19T14:35:00,focus_nudge,10 min of distraction,Still on track? You have drifted for a few minutes - worth a reset.,82.0,0.36809390489732025,2026-08-19
U031,2026-08-19T15:40:00,break_reminder,focus likely to drop (p=0.28) after 52 min,Time for a break - you have been at it for 52 minutes. Five minutes away from the screen now beats twenty minutes of drift later.,52.0,0.28359509496450874,2026-08-19
U031,2026-08-19T16:20:00,break_reminder,focus likely to drop (p=0.29) after 92 min,Time for a break - you have been at it for 92 minutes. Five minutes away from the screen now beats twenty minutes of drift later.,92.0,0.2884999136013122,2026-08-19
U031,2026-08-19T16:35:00,break_reminder,107 min without a break,Time for a break - you have been at it for 107 minutes. Five minutes away from the screen now beats twenty minutes of drift later.,107.0,0.20829839366042305,2026-08-19
U031,2026-08-19T17:00:00,focus_nudge,10 min of distraction,Still on track? You have drifted for a few minutes - worth a reset.,132.0,0.26041953357497527,2026-08-19
U031,2026-08-20T14:05:00,break_reminder,focus likely to drop (p=0.54) after 27 min,Time for a break - you have been at it for 27 minutes. Five minutes away from the screen now beats twenty minutes of drift later.,27.0,0.5371536636371489,2026-08-20
U031,2026-08-20T14:25:00,break_reminder,focus likely to drop (p=0.53) after 47 min,Time for a break - you have been at it for 47 minutes. Five minutes away from the screen now beats twenty minutes of drift later.,47.0,0.5273764157023771,2026-08-20
U031,2026-08-20T14:45:00,break_reminder,focus likely to drop (p=0.25) after 65 min,Time for a break - you have been at it for 65 minutes. Five minutes away from the screen now beats twenty minutes of drift later.,65.0,0.2507072978336629,2026-08-20
U031,2026-08-20T15:00:00,focus_nudge,10 min of distraction,Still on track? You have drifted for a few minutes - worth a reset.,80.0,0.2860978364028809,2026-08-20
U031,2026-08-20T15:40:00,focus_nudge,10 min of distraction,Still on track? You have drifted for a few minutes - worth a reset.,29.0,0.23018686732987534,2026-08-20
U031,2026-08-20T16:00:00,break_reminder,focus likely to drop (p=0.27) after 49 min,Time for a break - you have been at it for 49 minutes. Five minutes away from the screen now beats twenty minutes of drift later.,49.0,0.27018049962710783,2026-08-20
U031,2026-08-21T10:15:00,focus_nudge,10 min of distraction,Still on track? You have drifted for a few minutes - worth a reset.,30.0,0.17486099441276803,2026-08-21
U031,2026-08-21T14:45:00,focus_nudge,10 min of distraction,Still on track? You have drifted for a few minutes - worth a reset.,23.0,0.17629125958730282,2026-08-21
U031,2026-08-21T15:10:00,break_reminder,focus likely to drop (p=0.26) after 48 min,Time for a break - you have been at it for 48 minutes. Five minutes away from the screen now beats twenty minutes of drift later.,48.0,0.25556367737228625,2026-08-21
U031,2026-08-21T15:30:00,focus_nudge,10 min of distraction,Still on track? You have drifted for a few minutes - worth a reset.,68.0,0.2743688909867382,2026-08-21
U031,2026-08-24T11:25:00,focus_nudge,10 min of distraction,Still on track? You have drifted for a few minutes - worth a reset.,51.0,0.1477115610558949,2026-08-24
U031,2026-08-24T11:40:00,focus_nudge,25 min of distraction,Still on track? You have drifted for a few minutes - worth a reset.,66.0,0.142270940559179,2026-08-24
U031,2026-08-24T13:05:00,break_reminder,151 min without a break,Time for a break - you have been at it for 151 minutes. Five minutes away from the screen now beats twenty minutes of drift later.,151.0,0.16638253053351368,2026-08-24
U031,2026-08-24T13:20:00,break_reminder,focus likely to drop (p=0.47) after 166 min,Time for a break - you have been at it for 166 minutes. Five minutes away from the screen now beats twenty minutes of drift later.,166.0,0.4727055251935415,2026-08-24
U031,2026-08-24T15:20:00,focus_nudge,10 min of distraction,Still on track? You have drifted for a few minutes - worth a reset.,63.0,0.2623853467655226,2026-08-24
U031,2026-08-24T15:40:00,focus_nudge,10 min of distraction,Still on track? You have drifted for a few minutes - worth a reset.,83.0,0.4210858971110475,2026-08-24
U031,2026-08-25T11:40:00,break_reminder,focus likely to drop (p=0.50) after 96 min,Time for a break - you have been at it for 96 minutes. Five minutes away from the screen now beats twenty minutes of drift later.,96.0,0.49558133984370395,2026-08-25
U031,2026-08-25T13:20:00,break_reminder,focus likely to drop (p=0.49) after 79 min,Time for a break - you have been at it for 79 minutes. Five minutes away from the screen now beats twenty minutes of drift later.,79.0,0.4895543476025797,2026-08-25
U031,2026-08-25T13:45:00,break_reminder,104 min without a break,Time for a break - you have been at it for 104 minutes. Five minutes away from the screen now beats twenty minutes of drift later.,104.0,0.19359682877562936,2026-08-25
U031,2026-08-25T14:50:00,break_reminder,focus likely to drop (p=0.33) after 169 min,Time for a break - you have been at it for 169 minutes. Five minutes away from the screen now beats twenty minutes of drift later.,169.0,0.32824119193334805,2026-08-25
U031,2026-08-25T15:15:00,focus_nudge,10 min of distraction,Still on track? You have drifted for a few minutes - worth a reset.,18.0,0.17078279578435507,2026-08-25
U031,2026-08-25T15:40:00,focus_nudge,10 min of distraction,Still on track? You have drifted for a few minutes - worth a reset.,43.0,0.4999090909409887,2026-08-25
U031,2026-08-25T15:55:00,focus_nudge,10 min of distraction,Still on track? You have drifted for a few minutes - worth a reset.,58.0,0.49084180941375516,2026-08-25
U031,2026-08-25T16:55:00,focus_nudge,10 min of distraction,Still on track? You have drifted for a few minutes - worth a reset.,16.0,0.2711756001896158,2026-08-25
U031,2026-08-25T19:05:00,break_reminder,focus likely to drop (p=0.29) after 58 min,Time for a break - you have been at it for 58 minutes. Five minutes away from the screen now beats twenty minutes of drift later.,58.0,0.29389282282117496,2026-08-25
U031,2026-08-25T20:00:00,break_reminder,focus likely to drop (p=0.36) after 23 min,Time for a break - you have been at it for 23 minutes. Five minutes away from the screen now beats twenty minutes of drift later.,23.0,0.3641381815378286,2026-08-25
U031,2026-08-26T10:20:00,focus_nudge,10 min of distraction,Still on track? You have drifted for a few minutes - worth a reset.,36.0,0.17029880342437984,2026-08-26
U031,2026-08-26T13:20:00,break_reminder,focus likely to drop (p=0.25) after 91 min,Time for a break - you have been at it for 91 minutes. Five minutes away from the screen now beats twenty minutes of drift later.,91.0,0.25103845803169045,2026-08-26
U031,2026-08-26T13:35:00,break_reminder,106 min without a break,Time for a break - you have been at it for 106 minutes. Five minutes away from the screen now beats twenty minutes of drift later.,106.0,0.1170517084804955,2026-08-26
U031,2026-08-26T14:20:00,break_reminder,focus likely to drop (p=0.27) after 151 min,Time for a break - you have been at it for 151 minutes. Five minutes away from the screen now beats twenty minutes of drift later.,151.0,0.2672436848147805,2026-08-26
U031,2026-08-26T14:35:00,break_reminder,focus likely to drop (p=0.33) after 166 min,Time for a break - you have been at it for 166 minutes. Five minutes away from the screen now beats twenty minutes of drift later.,166.0,0.3286938011839189,2026-08-26
U031,2026-08-26T14:50:00,focus_nudge,10 min of distraction,Still on track? You have drifted for a few minutes - worth a reset.,181.0,0.5227638921728238,2026-08-26
U031,2026-08-26T15:25:00,break_reminder,216 min without a break,Time for a break - you have been at it for 216 minutes. Five minutes away from the screen now beats twenty minutes of drift later.,216.0,0.26363687568208155,2026-08-26
U031,2026-08-26T17:25:00,break_reminder,focus likely to drop (p=0.25) after 38 min,Time for a break - you have been at it for 38 minutes. Five minutes away from the screen now beats twenty minutes of drift later.,38.0,0.24947518517846917,2026-08-26
U031,2026-08-27T12:10:00,break_reminder,100 min without a break,Time for a break - you have been at it for 100 minutes. Five minutes away from the screen now beats twenty minutes of drift later.,100.0,0.26542347534926114,2026-08-27
U031,2026-08-27T15:05:00,focus_nudge,10 min of distraction,Still on track? You have drifted for a few minutes - worth a reset.,32.0,0.22574082967760734,2026-08-27
U031,2026-08-27T15:55:00,focus_nudge,10 min of distraction,Still on track? You have drifted for a few minutes - worth a reset.,82.0,0.2558575898487739,2026-08-27
U031,2026-08-27T16:10:00,focus_nudge,25 min of distraction,Still on track? You have drifted for a few minutes - worth a reset.,97.0,0.1848888141858836,2026-08-27
U031,2026-08-27T18:10:00,break_reminder,focus likely to drop (p=0.29) after 98 min,Time for a break - you have been at it for 98 minutes. Five minutes away from the screen now beats twenty minutes of drift later.,98.0,0.29492553941246574,2026-08-27
U031,2026-08-27T18:25:00,break_reminder,113 min without a break,Time for a break - you have been at it for 113 minutes. Five minutes away from the screen now beats twenty minutes of drift later.,113.0,0.1017095042250109,2026-08-27
U031,2026-08-28T12:10:00,focus_nudge,10 min of distraction,Still on track? You have drifted for a few minutes - worth a reset.,89.0,0.2722337191934697,2026-08-28
U031,2026-08-28T12:25:00,break_reminder,104 min without a break,Time for a break - you have been at it for 104 minutes. Five minutes away from the screen now beats twenty minutes of drift later.,104.0,0.3045300865117508,2026-08-28
U031,2026-08-28T12:45:00,focus_nudge,10 min of distraction,Still on track? You have drifted for a few minutes - worth a reset.,124.0,0.19117478473297828,2026-08-28
U031,2026-08-28T14:00:00,focus_nudge,10 min of distraction,Still on track? You have drifted for a few minutes - worth a reset.,42.0,0.22130810168727694,2026-08-28
U031,2026-08-28T14:40:00,break_reminder,focus likely to drop (p=0.27) after 82 min,Time for a break - you have been at it for 82 minutes. Five minutes away from the screen now beats twenty minutes of drift later.,82.0,0.27233047458547255,2026-08-28
U031,2026-08-28T14:55:00,break_reminder,focus likely to drop (p=0.35) after 97 min,Time for a break - you have been at it for 97 minutes. Five minutes away from the screen now beats twenty minutes of drift later.,97.0,0.34872158623601984,2026-08-28
U031,2026-08-28T15:10:00,break_reminder,112 min without a break,Time for a break - you have been at it for 112 minutes. Five minutes away from the screen now beats twenty minutes of drift later.,112.0,0.558300503113179,2026-08-28
U031,2026-08-28T15:30:00,break_reminder,focus likely to drop (p=0.29) after 132 min,Time for a break - you have been at it for 132 minutes. Five minutes away from the screen now beats twenty minutes of drift later.,132.0,0.28755266747255975,2026-08-28
U031,2026-08-28T15:50:00,focus_nudge,10 min of distraction,Still on track? You have drifted for a few minutes - worth a reset.,152.0,0.32956073671250463,2026-08-28
U031,2026-08-28T16:20:00,break_reminder,focus likely to drop (p=0.42) after 182 min,Time for a break - you have been at it for 182 minutes. Five minutes away from the screen now beats twenty minutes of drift later.,182.0,0.4242082328058661,2026-08-28
U035,2026-08-03T10:15:00,break_reminder,101 min without a break,Time for a break - you have been at it for 101 minutes. Five minutes away from the screen now beats twenty minutes of drift later.,101.0,0.11833773751685689,2026-08-03
U035,2026-08-03T12:45:00,focus_nudge,10 min of distraction,Still on track? You have drifted for a few minutes - worth a reset.,66.0,0.12663206457397677,2026-08-03
U035,2026-08-03T13:30:00,break_reminder,focus likely to drop (p=0.25) after 24 min,Time for a break - you have been at it for 24 minutes. Five minutes away from the screen now beats twenty minutes of drift later.,24.0,0.24673971838874556,2026-08-03
U035,2026-08-03T15:05:00,break_reminder,focus likely to drop (p=0.30) after 57 min,Time for a break - you have been at it for 57 minutes. Five minutes away from the screen now beats twenty minutes of drift later.,57.0,0.3001524683924623,2026-08-03
U035,2026-08-03T15:45:00,break_reminder,focus likely to drop (p=0.34) after 97 min,Time for a break - you have been at it for 97 minutes. Five minutes away from the screen now beats twenty minutes of drift later.,97.0,0.34454122988076924,2026-08-03
U035,2026-08-03T16:00:00,break_reminder,112 min without a break,Time for a break - you have been at it for 112 minutes. Five minutes away from the screen now beats twenty minutes of drift later.,112.0,0.15607499285116888,2026-08-03
U035,2026-08-05T09:40:00,focus_nudge,10 min of distraction,Still on track? You have drifted for a few minutes - worth a reset.,18.0,0.14618497101224445,2026-08-05
U035,2026-08-05T10:00:00,focus_nudge,10 min of distraction,Still on track? You have drifted for a few minutes - worth a reset.,38.0,0.06828091827981328,2026-08-05
U035,2026-08-05T11:15:00,focus_nudge,10 min of distraction,Still on track? You have drifted for a few minutes - worth a reset.,34.0,0.15321325515205808,2026-08-05
U035,2026-08-05T11:55:00,focus_nudge,10 min of distraction,Still on track? You have drifted for a few minutes - worth a reset.,74.0,0.12210211644671641,2026-08-05
U035,2026-08-05T12:45:00,break_reminder,124 min without a break,Time for a break - you have been at it for 124 minutes. Five minutes away from the screen now beats twenty minutes of drift later.,124.0,0.18260179182502564,2026-08-05
U035,2026-08-06T11:25:00,break_reminder,137 min without a break,Time for a break - you have been at it for 137 minutes. Five minutes away from the screen now beats twenty minutes of drift later.,137.0,0.16343501051703097,2026-08-06
U035,2026-08-06T12:30:00,focus_nudge,10 min of distraction,Still on track? You have drifted for a few minutes - worth a reset.,31.0,0.1354331189999191,2026-08-06
U035,2026-08-06T12:50:00,focus_nudge,10 min of distraction,Still on track? You have drifted for a few minutes - worth a reset.,51.0,0.4116623941434407,2026-08-06
U035,2026-08-06T14:40:00,focus_nudge,10 min of distraction,Still on track? You have drifted for a few minutes - worth a reset.,30.0,0.2338953961612755,2026-08-06
U035,2026-08-06T14:55:00,focus_nudge,25 min of distraction,Still on track? You have drifted for a few minutes - worth a reset.,45.0,0.12937479330931312,2026-08-06
U035,2026-08-06T15:30:00,break_reminder,focus likely to drop (p=0.25) after 80 min,Time for a break - you have been at it for 80 minutes. Five minutes away from the screen now beats twenty minutes of drift later.,80.0,0.2535106876473356,2026-08-06
U035,2026-08-06T15:50:00,break_reminder,100 min without a break,Time for a break - you have been at it for 100 minutes. Five minutes away from the screen now beats twenty minutes of drift later.,100.0,0.2468187391204364,2026-08-06
U035,2026-08-07T10:30:00,focus_nudge,10 min of distraction,Still on track? You have drifted for a few minutes - worth a reset.,25.0,0.10503918632604942,2026-08-07
U035,2026-08-07T11:15:00,focus_nudge,10 min of distraction,Still on track? You have drifted for a few minutes - worth a reset.,70.0,0.23864968435896525,2026-08-07
U035,2026-08-07T11:55:00,break_reminder,110 min without a break,Time for a break - you have been at it for 110 minutes. Five minutes away from the screen now beats twenty minutes of drift later.,110.0,0.11633272021805202,2026-08-07
U035,2026-08-07T16:00:00,focus_nudge,10 min of distraction,Still on track? You have drifted for a few minutes - worth a reset.,0.0,0.10988952523625371,2026-08-07
U035,2026-08-10T09:35:00,focus_nudge,10 min of distraction,Still on track? You have drifted for a few minutes - worth a reset.,81.0,0.32275587833294755,2026-08-10
U035,2026-08-10T11:45:00,focus_nudge,10 min of distraction,Still on track? You have drifted for a few minutes - worth a reset.,46.0,0.08930636655363149,2026-08-10
U035,2026-08-10T12:00:00,focus_nudge,10 min of distraction,Still on track? You have drifted for a few minutes - worth a reset.,61.0,0.1530603544972737,2026-08-10
U035,2026-08-10T12:40:00,break_reminder,101 min without a break,Time for a break - you have been at it for 101 minutes. Five minutes away from the screen now beats twenty minutes of drift later.,101.0,0.14161298120935256,2026-08-10
U035,2026-08-10T13:25:00,focus_nudge,10 min of distraction,Still on track? You have drifted for a few minutes - worth a reset.,146.0,0.3144258250346463,2026-08-10
U035,2026-08-10T14:10:00,break_reminder,focus likely to drop (p=0.27) after 191 min,Time for a break - you have been at it for 191 minutes. Five minutes away from the screen now beats twenty minutes of drift later.,191.0,0.26515173495060623,2026-08-10
U035,2026-08-10T14:25:00,break_reminder,206 min without a break,Time for a break - you have been at it for 206 minutes. Five minutes away from the screen now beats twenty minutes of drift later.,206.0,0.3196105517255588,2026-08-10
U035,2026-08-11T10:45:00,break_reminder,104 min without a break,Time for a break - you have been at it for 104 minutes. Five minutes away from the screen now beats twenty minutes of drift later.,104.0,0.2017124035264149,2026-08-11
U035,2026-08-11T15:30:00,break_reminder,focus likely to drop (p=0.26) after 55 min,Time for a break - you have been at it for 55 minutes. Five minutes away from the screen now beats twenty minutes of drift later.,55.0,0.2559430739083994,2026-08-11
U035,2026-08-11T15:45:00,focus_nudge,15 min of distraction,Still on track? You have drifted for a few minutes - worth a reset.,70.0,0.21495425027565324,2026-08-11
U035,2026-08-12T09:05:00,focus_nudge,10 min of distraction,Still on track? You have drifted for a few minutes - worth a reset.,27.0,0.21779174203235369,2026-08-12
U035,2026-08-12T09:30:00,break_reminder,focus likely to drop (p=0.27) after 52 min,Time for a break - you have been at it for 52 minutes. Five minutes away from the screen now beats twenty minutes of drift later.,52.0,0.2749502695715476,2026-08-12
U035,2026-08-12T13:50:00,focus_nudge,10 min of distraction,Still on track? You have drifted for a few minutes - worth a reset.,31.0,0.25241960072805886,2026-08-12
U035,2026-08-12T14:10:00,focus_nudge,10 min of distraction,Still on track? You have drifted for a few minutes - worth a reset.,51.0,0.39545195656662435,2026-08-12
U035,2026-08-12T15:10:00,break_reminder,111 min without a break,Time for a break - you have been at it for 111 minutes. Five minutes away from the screen now beats twenty minutes of drift later.,111.0,0.1726338700764827,2026-08-12
U035,2026-08-12T16:05:00,break_reminder,focus likely to drop (p=0.25) after 45 min,Time for a break - you have been at it for 45 minutes. Five minutes away from the screen now beats twenty minutes of drift later.,45.0,0.25035789760255445,2026-08-12
U035,2026-08-13T09:45:00,focus_nudge,10 min of distraction,Still on track? You have drifted for a few minutes - worth a reset.,55.0,0.14626545086800596,2026-08-13
U035,2026-08-13T10:30:00,break_reminder,100 min without a break,Time for a break - you have been at it for 100 minutes. Five minutes away from the screen now beats twenty minutes of drift later.,100.0,0.10813753985679604,2026-08-13
U035,2026-08-13T15:55:00,focus_nudge,10 min of distraction,Still on track? You have drifted for a few minutes - worth a reset.,75.0,0.2650908482648605,2026-08-13
U035,2026-08-13T16:10:00,break_reminder,focus likely to drop (p=0.25) after 90 min,Time for a break - you have been at it for 90 minutes. Five minutes away from the screen now beats twenty minutes of drift later.,90.0,0.2539675258356228,2026-08-13
U035,2026-08-14T10:20:00,focus_nudge,10 min of distraction,Still on track? You have drifted for a few minutes - worth a reset.,75.0,0.33297087294636474,2026-08-14
U035,2026-08-14T12:55:00,break_reminder,focus likely to drop (p=0.37) after 71 min,Time for a break - you have been at it for 71 minutes. Five minutes away from the screen now beats twenty minutes of drift later.,71.0,0.36811613016066497,2026-08-14
U035,2026-08-14T15:30:00,break_reminder,focus likely to drop (p=0.26) after 59 min,Time for a break - you have been at it for 59 minutes. Five minutes away from the screen now beats twenty minutes of drift later.,59.0,0.2550620353518735,2026-08-14
U035,2026-08-14T17:50:00,focus_nudge,10 min of distraction,Still on track? You have drifted for a few minutes - worth a reset.,89.0,0.2683808085584428,2026-08-14
U035,2026-08-18T10:05:00,focus_nudge,10 min of distraction,Still on track? You have drifted for a few minutes - worth a reset.,18.0,0.12043792678851464,2026-08-18
U035,2026-08-18T10:35:00,break_reminder,focus likely to drop (p=0.32) after 48 min,Time for a break - you have been at it for 48 minutes. Five minutes away from the screen now beats twenty minutes of drift later.,48.0,0.3172100749518175,2026-08-18
U035,2026-08-18T10:55:00,focus_nudge,10 min of distraction,Still on track? You have drifted for a few minutes - worth a reset.,68.0,0.16001539449357072,2026-08-18
U035,2026-08-18T12:05:00,focus_nudge,10 min of distraction,Still on track? You have drifted for a few minutes - worth a reset.,52.0,0.1812718304103639,2026-08-18
U035,2026-08-18T13:25:00,break_reminder,132 min without a break,Time for a break - you have been at it for 132 minutes. Five minutes away from the screen now beats twenty minutes of drift later.,132.0,0.15786511644260806,2026-08-18
U035,2026-08-18T14:05:00,break_reminder,focus likely to drop (p=0.34) after 20 min,Time for a break - you have been at it for 20 minutes. Five minutes away from the screen now beats twenty minutes of drift later.,20.0,0.34291810519757454,2026-08-18
U035,2026-08-18T14:20:00,focus_nudge,15 min of distraction,Still on track? You have drifted for a few minutes - worth a reset.,35.0,0.279602876632942,2026-08-18
U035,2026-08-18T14:50:00,break_reminder,focus likely to drop (p=0.25) after 65 min,Time for a break - you have been at it for 65 minutes. Five minutes away from the screen now beats twenty minutes of drift later.,65.0,0.25224494669682884,2026-08-18
U035,2026-08-18T15:25:00,break_reminder,100 min without a break,Time for a break - you have been at it for 100 minutes. Five minutes away from the screen now beats twenty minutes of drift later.,100.0,0.282361259139789,2026-08-18
U035,2026-08-18T15:40:00,break_reminder,focus likely to drop (p=0.41) after 115 min,Time for a break - you have been at it for 115 minutes. Five minutes away from the screen now beats twenty minutes of drift later.,115.0,0.40815177822457005,2026-08-18
U035,2026-08-19T10:25:00,break_reminder,102 min without a break,Time for a break - you have been at it for 102 minutes. Five minutes away from the screen now beats twenty minutes of drift later.,102.0,0.14504828464293862,2026-08-19
U035,2026-08-19T12:15:00,break_reminder,100 min without a break,Time for a break - you have been at it for 100 minutes. Five minutes away from the screen now beats twenty minutes of drift later.,100.0,0.1567230729009095,2026-08-19
U035,2026-08-19T14:20:00,break_reminder,focus likely to drop (p=0.25) after 79 min,Time for a break - you have been at it for 79 minutes. Five minutes away from the screen now beats twenty minutes of drift later.,79.0,0.2458953410057694,2026-08-19
U035,2026-08-19T15:10:00,break_reminder,129 min without a break,Time for a break - you have been at it for 129 minutes. Five minutes away from the screen now beats twenty minutes of drift later.,129.0,0.2003106976838202,2026-08-19
U035,2026-08-20T12:25:00,focus_nudge,10 min of distraction,Still on track? You have drifted for a few minutes - worth a reset.,59.0,0.22329002900730152,2026-08-20
U035,2026-08-20T12:55:00,break_reminder,focus likely to drop (p=0.39) after 89 min,Time for a break - you have been at it for 89 minutes. Five minutes away from the screen now beats twenty minutes of drift later.,89.0,0.38802046222913184,2026-08-20
U035,2026-08-20T13:40:00,break_reminder,134 min without a break,Time for a break - you have been at it for 134 minutes. Five minutes away from the screen now beats twenty minutes of drift later.,134.0,0.11905481264424798,2026-08-20
U035,2026-08-20T17:10:00,break_reminder,focus likely to drop (p=0.58) after 53 min,Time for a break - you have been at it for 53 minutes. Five minutes away from the screen now beats twenty minutes of drift later.,53.0,0.5759492024426517,2026-08-20
U035,2026-08-21T10:05:00,focus_nudge,10 min of distraction,Still on track? You have drifted for a few minutes - worth a reset.,73.0,0.20730221205285607,2026-08-21
U035,2026-08-21T11:55:00,focus_nudge,10 min of distraction,Still on track? You have drifted for a few minutes - worth a reset.,23.0,0.13320871368193957,2026-08-21
U035,2026-08-21T12:10:00,focus_nudge,25 min of distraction,Still on track? You have drifted for a few minutes - worth a reset.,38.0,0.1789683303853167,2026-08-21
U035,2026-08-21T13:40:00,focus_nudge,10 min of distraction,Still on track? You have drifted for a few minutes - worth a reset.,21.0,0.17390630770173307,2026-08-21
U035,2026-08-21T15:00:00,break_reminder,focus likely to drop (p=0.28) after 48 min,Time for a break - you have been at it for 48 minutes. Five minutes away from the screen now beats twenty minutes of drift later.,48.0,0.2843912002125456,2026-08-21
U035,2026-08-21T15:55:00,break_reminder,103 min without a break,Time for a break - you have been at it for 103 minutes. Five minutes away from the screen now beats twenty minutes of drift later.,103.0,0.5296099951915998,2026-08-21
U035,2026-08-25T16:05:00,focus_nudge,10 min of distraction,Still on track? You have drifted for a few minutes - worth a reset.,80.0,0.08635522540708235,2026-08-25
U035,2026-08-25T16:50:00,break_reminder,125 min without a break,Time for a break - you have been at it for 125 minutes. Five minutes away from the screen now beats twenty minutes of drift later.,125.0,0.21772842991161995,2026-08-25
U035,2026-08-26T10:40:00,focus_nudge,10 min of distraction,Still on track? You have drifted for a few minutes - worth a reset.,17.0,0.13539835041533038,2026-08-26
U035,2026-08-26T11:05:00,focus_nudge,10 min of distraction,Still on track? You have drifted for a few minutes - worth a reset.,12.0,0.13480265297046465,2026-08-26
U035,2026-08-26T12:35:00,break_reminder,101 min without a break,Time for a break - you have been at it for 101 minutes. Five minutes away from the screen now beats twenty minutes of drift later.,101.0,0.19022905450938554,2026-08-26
U035,2026-08-26T14:45:00,focus_nudge,10 min of distraction,Still on track? You have drifted for a few minutes - worth a reset.,36.0,0.271226303367931,2026-08-26
U035,2026-08-26T15:00:00,focus_nudge,25 min of distraction,Still on track? You have drifted for a few minutes - worth a reset.,51.0,0.18926496578934923,2026-08-26
U035,2026-08-27T08:55:00,focus_nudge,10 min of distraction,Still on track? You have drifted for a few minutes - worth a reset.,48.0,0.21693365033471085,2026-08-27
U035,2026-08-27T09:10:00,focus_nudge,10 min of distraction,Still on track? You have drifted for a few minutes - worth a reset.,63.0,0.10563296745270195,2026-08-27
U035,2026-08-27T10:10:00,focus_nudge,10 min of distraction,Still on track? You have drifted for a few minutes - worth a reset.,30.0,0.12778550315081436,2026-08-27
U035,2026-08-27T14:40:00,focus_nudge,10 min of distraction,Still on track? You have drifted for a few minutes - worth a reset.,78.0,0.3014767343962937,2026-08-27
U035,2026-08-27T15:05:00,break_reminder,103 min without a break,Time for a break - you have been at it for 103 minutes. Five minutes away from the screen now beats twenty minutes of drift later.,103.0,0.41108496769570235,2026-08-27
U035,2026-08-28T10:20:00,focus_nudge,10 min of distraction,Still on track? You have drifted for a few minutes - worth a reset.,80.0,0.10013075913775571,2026-08-28
U035,2026-08-28T10:40:00,break_reminder,100 min without a break,Time for a break - you have been at it for 100 minutes. Five minutes away from the screen now beats twenty minutes of drift later.,100.0,0.18144184518982323,2026-08-28
U035,2026-08-28T11:25:00,focus_nudge,10 min of distraction,Still on track? You have drifted for a few minutes - worth a reset.,38.0,0.10557580544491427,2026-08-28
U035,2026-08-28T11:40:00,focus_nudge,25 min of distraction,Still on track? You have drifted for a few minutes - worth a reset.,53.0,0.09102898460090461,2026-08-28
U035,2026-08-28T12:30:00,break_reminder,103 min without a break,Time for a break - you have been at it for 103 minutes. Five minutes away from the screen now beats twenty minutes of drift later.,103.0,0.15484571873185565,2026-08-28
U035,2026-08-28T13:40:00,focus_nudge,10 min of distraction,Still on track? You have drifted for a few minutes - worth a reset.,64.0,0.22781746136350745,2026-08-28
U038,2026-08-03T09:35:00,focus_nudge,10 min of distraction,Still on track? You have drifted for a few minutes - worth a reset.,41.0,0.10314659045193741,2026-08-03
U038,2026-08-03T10:35:00,break_reminder,101 min without a break,Time for a break - you have been at it for 101 minutes. Five minutes away from the screen now beats twenty minutes of drift later.,101.0,0.07756359426145205,2026-08-03
U038,2026-08-03T10:50:00,break_reminder,focus likely to drop (p=0.26) after 116 min,Time for a break - you have been at it for 116 minutes. Five minutes away from the screen now beats twenty minutes of drift later.,116.0,0.26463923574921305,2026-08-03
U038,2026-08-03T14:40:00,break_reminder,focus likely to drop (p=0.26) after 52 min,Time for a break - you have been at it for 52 minutes. Five minutes away from the screen now beats twenty minutes of drift later.,52.0,0.2567543912631205,2026-08-03
U038,2026-08-03T15:00:00,break_reminder,focus likely to drop (p=0.26) after 72 min,Time for a break - you have been at it for 72 minutes. Five minutes away from the screen now beats twenty minutes of drift later.,72.0,0.2611028826276637,2026-08-03
U038,2026-08-03T15:20:00,break_reminder,focus likely to drop (p=0.41) after 92 min,Time for a break - you have been at it for 92 minutes. Five minutes away from the screen now beats twenty minutes of drift later.,92.0,0.4051902095911418,2026-08-03
U038,2026-08-03T15:35:00,break_reminder,107 min without a break,Time for a break - you have been at it for 107 minutes. Five minutes away from the screen now beats twenty minutes of drift later.,107.0,0.2360489181500793,2026-08-03
U038,2026-08-04T11:05:00,focus_nudge,10 min of distraction,Still on track? You have drifted for a few minutes - worth a reset.,73.0,0.14608700119812146,2026-08-04
U038,2026-08-04T11:35:00,focus_nudge,10 min of distraction,Still on track? You have drifted for a few minutes - worth a reset.,10.0,0.3007815861849024,2026-08-04
U038,2026-08-04T13:15:00,break_reminder,focus likely to drop (p=0.46) after 71 min,Time for a break - you have been at it for 71 minutes. Five minutes away from the screen now beats twenty minutes of drift later.,71.0,0.46233343483159123,2026-08-04
U038,2026-08-04T14:45:00,break_reminder,focus likely to drop (p=0.32) after 39 min,Time for a break - you have been at it for 39 minutes. Five minutes away from the screen now beats twenty minutes of drift later.,39.0,0.32379309779038695,2026-08-04
U038,2026-08-04T15:00:00,break_reminder,focus likely to drop (p=0.26) after 54 min,Time for a break - you have been at it for 54 minutes. Five minutes away from the screen now beats twenty minutes of drift later.,54.0,0.25800219094455984,2026-08-04
U038,2026-08-04T16:40:00,break_reminder,focus likely to drop (p=0.35) after 85 min,Time for a break - you have been at it for 85 minutes. Five minutes away from the screen now beats twenty minutes of drift later.,85.0,0.34527419195686215,2026-08-04
U038,2026-08-05T10:55:00,focus_nudge,10 min of distraction,Still on track? You have drifted for a few minutes - worth a reset.,59.0,0.15607379840167265,2026-08-05
U038,2026-08-05T11:40:00,break_reminder,104 min without a break,Time for a break - you have been at it for 104 minutes. Five minutes away from the screen now beats twenty minutes of drift later.,104.0,0.18589267343269875,2026-08-05
U038,2026-08-05T15:25:00,break_reminder,focus likely to drop (p=0.26) after 69 min,Time for a break - you have been at it for 69 minutes. Five minutes away from the screen now beats twenty minutes of drift later.,69.0,0.2638222304427897,2026-08-05
U038,2026-08-05T17:50:00,focus_nudge,10 min of distraction,Still on track? You have drifted for a few minutes - worth a reset.,0.0,0.06453973141671397,2026-08-05
U038,2026-08-06T13:55:00,break_reminder,focus likely to drop (p=0.25) after 95 min,Time for a break - you have been at it for 95 minutes. Five minutes away from the screen now beats twenty minutes of drift later.,95.0,0.2527858651707456,2026-08-06
U038,2026-08-06T14:10:00,break_reminder,110 min without a break,Time for a break - you have been at it for 110 minutes. Five minutes away from the screen now beats twenty minutes of drift later.,110.0,0.3442055186625916,2026-08-06
U038,2026-08-06T14:30:00,focus_nudge,10 min of distraction,Still on track? You have drifted for a few minutes - worth a reset.,130.0,0.5109608668325392,2026-08-06
U038,2026-08-06T14:45:00,break_reminder,focus likely to drop (p=0.27) after 145 min,Time for a break - you have been at it for 145 minutes. Five minutes away from the screen now beats twenty minutes of drift later.,145.0,0.2662215392709193,2026-08-06
U038,2026-08-06T16:15:00,break_reminder,focus likely to drop (p=0.43) after 70 min,Time for a break - you have been at it for 70 minutes. Five minutes away from the screen now beats twenty minutes of drift later.,70.0,0.4292327395410469,2026-08-06
U038,2026-08-06T16:45:00,break_reminder,100 min without a break,Time for a break - you have been at it for 100 minutes. Five minutes away from the screen now beats twenty minutes of drift later.,100.0,0.2080084003362486,2026-08-06
U038,2026-08-06T17:00:00,focus_nudge,10 min of distraction,Still on track? You have drifted for a few minutes - worth a reset.,115.0,0.1807837435337728,2026-08-06
U038,2026-08-07T09:15:00,break_reminder,focus likely to drop (p=0.41) after 25 min,Time for a break - you have been at it for 25 minutes. Five minutes away from the screen now beats twenty minutes of drift later.,25.0,0.4097710622032235,2026-08-07
U038,2026-08-07T10:00:00,focus_nudge,10 min of distraction,Still on track? You have drifted for a few minutes - worth a reset.,70.0,0.1106424023919296,2026-08-07
U038,2026-08-07T12:15:00,focus_nudge,10 min of distraction,Still on track? You have drifted for a few minutes - worth a reset.,99.0,0.34721692804965254,2026-08-07
U038,2026-08-07T12:30:00,break_reminder,114 min without a break,Time for a break - you have been at it for 114 minutes. Five minutes away from the screen now beats twenty minutes of drift later.,114.0,0.13896420796455572,2026-08-07
U038,2026-08-07T14:05:00,break_reminder,focus likely to drop (p=0.53) after 52 min,Time for a break - you have been at it for 52 minutes. Five minutes away from the screen now beats twenty minutes of drift later.,52.0,0.5340028928426729,2026-08-07
U038,2026-08-07T14:35:00,focus_nudge,10 min of distraction,Still on track? You have drifted for a few minutes - worth a reset.,82.0,0.3288507104118919,2026-08-07
U038,2026-08-07T14:50:00,focus_nudge,10 min of distraction,Still on track? You have drifted for a few minutes - worth a reset.,97.0,0.4222759019052449,2026-08-07
U038,2026-08-07T16:00:00,break_reminder,focus likely to drop (p=0.27) after 37 min,Time for a break - you have been at it for 37 minutes. Five minutes away from the screen now beats twenty minutes of drift later.,37.0,0.266371603533133,2026-08-07
U038,2026-08-10T11:15:00,break_reminder,103 min without a break,Time for a break - you have been at it for 103 minutes. Five minutes away from the screen now beats twenty minutes of drift later.,103.0,0.19424345049382385,2026-08-10
U038,2026-08-10T11:40:00,focus_nudge,10 min of distraction,Still on track? You have drifted for a few minutes - worth a reset.,128.0,0.259967699647551,2026-08-10
U038,2026-08-10T14:00:00,focus_nudge,10 min of distraction,Still on track? You have drifted for a few minutes - worth a reset.,39.0,0.36923951647835657,2026-08-10
U038,2026-08-10T14:45:00,break_reminder,focus likely to drop (p=0.33) after 84 min,Time for a break - you have been at it for 84 minutes. Five minutes away from the screen now beats twenty minutes of drift later.,84.0,0.33226729759275647,2026-08-10
U038,2026-08-10T15:45:00,break_reminder,142 min without a break,Time for a break - you have been at it for 142 minutes. Five minutes away from the screen now beats twenty minutes of drift later.,142.0,0.23713317348334598,2026-08-10
U038,2026-08-11T09:50:00,focus_nudge,10 min of distraction,Still on track? You have drifted for a few minutes - worth a reset.,22.0,0.1733081831547504,2026-08-11
U038,2026-08-11T11:50:00,break_reminder,103 min without a break,Time for a break - you have been at it for 103 minutes. Five minutes away from the screen now beats twenty minutes of drift later.,103.0,0.3949357750607437,2026-08-11
U038,2026-08-11T13:55:00,break_reminder,210 min without a break,Time for a break - you have been at it for 210 minutes. Five minutes away from the screen now beats twenty minutes of drift later.,210.0,0.27457623233966394,2026-08-11
U038,2026-08-11T14:10:00,break_reminder,focus likely to drop (p=0.35) after 223 min,Time for a break - you have been at it for 223 minutes. Five minutes away from the screen now beats twenty minutes of drift later.,223.0,0.34629102619124646,2026-08-11
U038,2026-08-11T14:30:00,focus_nudge,10 min of distraction,Still on track? You have drifted for a few minutes - worth a reset.,232.0,0.4106694484079768,2026-08-11
U038,2026-08-11T14:50:00,break_reminder,focus likely to drop (p=0.33) after 252 min,Time for a break - you have been at it for 252 minutes. Five minutes away from the screen now beats twenty minutes of drift later.,252.0,0.3348864894186087,2026-08-11
U038,2026-08-11T16:15:00,focus_nudge,10 min of distraction,Still on track? You have drifted for a few minutes - worth a reset.,11.0,0.11770014236835641,2026-08-11
U038,2026-08-12T09:35:00,focus_nudge,10 min of distraction,Still on track? You have drifted for a few minutes - worth a reset.,23.0,0.12306007789345863,2026-08-12
U038,2026-08-12T09:50:00,focus_nudge,25 min of distraction,Still on track? You have drifted for a few minutes - worth a reset.,38.0,0.07773121403408662,2026-08-12
U038,2026-08-12T10:40:00,break_reminder,focus likely to drop (p=0.28) after 88 min,Time for a break - you have been at it for 88 minutes. Five minutes away from the screen now beats twenty minutes of drift later.,88.0,0.27977997470544225,2026-08-12
U038,2026-08-12T10:55:00,break_reminder,103 min without a break,Time for a break - you have been at it for 103 minutes. Five minutes away from the screen now beats twenty minutes of drift later.,103.0,0.2186265685431392,2026-08-12
U038,2026-08-12T14:45:00,break_reminder,focus likely to drop (p=0.29) after 90 min,Time for a break - you have been at it for 90 minutes. Five minutes away from the screen now beats twenty minutes of drift later.,90.0,0.2865068946741045,2026-08-12
U038,2026-08-12T15:30:00,break_reminder,135 min without a break,Time for a break - you have been at it for 135 minutes. Five minutes away from the screen now beats twenty minutes of drift later.,135.0,0.2781302959320666,2026-08-12
U038,2026-08-12T15:55:00,focus_nudge,10 min of distraction,Still on track? You have drifted for a few minutes - worth a reset.,160.0,0.2287054806050614,2026-08-12
U038,2026-08-12T16:30:00,focus_nudge,10 min of distraction,Still on track? You have drifted for a few minutes - worth a reset.,19.0,0.2948384775195875,2026-08-12
U038,2026-08-13T10:30:00,focus_nudge,10 min of distraction,Still on track? You have drifted for a few minutes - worth a reset.,46.0,0.09528447809606591,2026-08-13
U038,2026-08-13T12:55:00,break_reminder,103 min without a break,Time for a break - you have been at it for 103 minutes. Five minutes away from the screen now beats twenty minutes of drift later.,103.0,0.24050648938031205,2026-08-13
U038,2026-08-13T13:50:00,break_reminder,focus likely to drop (p=0.38) after 158 min,Time for a break - you have been at it for 158 minutes. Five minutes away from the screen now beats twenty minutes of drift later.,158.0,0.3751847160170258,2026-08-13
U038,2026-08-13T14:05:00,focus_nudge,15 min of distraction,Still on track? You have drifted for a few minutes - worth a reset.,173.0,0.37784032346464896,2026-08-13
U038,2026-08-13T14:20:00,break_reminder,focus likely to drop (p=0.36) after 188 min,Time for a break - you have been at it for 188 minutes. Five minutes away from the screen now beats twenty minutes of drift later.,188.0,0.36360949932604303,2026-08-13
U038,2026-08-13T14:35:00,break_reminder,203 min without a break,Time for a break - you have been at it for 203 minutes. Five minutes away from the screen now beats twenty minutes of drift later.,203.0,0.23579383674225943,2026-08-13
U038,2026-08-13T14:50:00,break_reminder,focus likely to drop (p=0.34) after 218 min,Time for a break - you have been at it for 218 minutes. Five minutes away from the screen now beats twenty minutes of drift later.,218.0,0.34198607804179976,2026-08-13
U038,2026-08-13T15:05:00,break_reminder,focus likely to drop (p=0.38) after 233 min,Time for a break - you have been at it for 233 minutes. Five minutes away from the screen now beats twenty minutes of drift later.,233.0,0.3752015720118802,2026-08-13
U038,2026-08-13T17:55:00,focus_nudge,10 min of distraction,Still on track? You have drifted for a few minutes - worth a reset.,33.0,0.27271939045919685,2026-08-13
U038,2026-08-17T09:35:00,focus_nudge,10 min of distraction,Still on track? You have drifted for a few minutes - worth a reset.,38.0,0.13230927975167983,2026-08-17
U038,2026-08-17T11:45:00,break_reminder,102 min without a break,Time for a break - you have been at it for 102 minutes. Five minutes away from the screen now beats twenty minutes of drift later.,102.0,0.4206692708304908,2026-08-17
U038,2026-08-17T14:10:00,break_reminder,focus likely to drop (p=0.34) after 74 min,Time for a break - you have been at it for 74 minutes. Five minutes away from the screen now beats twenty minutes of drift later.,74.0,0.3371454005207442,2026-08-17
U038,2026-08-17T14:25:00,break_reminder,focus likely to drop (p=0.29) after 89 min,Time for a break - you have been at it for 89 minutes. Five minutes away from the screen now beats twenty minutes of drift later.,89.0,0.28538472684138355,2026-08-17
U038,2026-08-17T14:40:00,break_reminder,104 min without a break,Time for a break - you have been at it for 104 minutes. Five minutes away from the screen now beats twenty minutes of drift later.,104.0,0.522817846866481,2026-08-17
U038,2026-08-17T17:20:00,break_reminder,127 min without a break,Time for a break - you have been at it for 127 minutes. Five minutes away from the screen now beats twenty minutes of drift later.,127.0,0.18714077500417767,2026-08-17
U038,2026-08-18T10:45:00,break_reminder,focus likely to drop (p=0.26) after 90 min,Time for a break - you have been at it for 90 minutes. Five minutes away from the screen now beats twenty minutes of drift later.,90.0,0.2584149600971711,2026-08-18
U038,2026-08-18T11:00:00,break_reminder,105 min without a break,Time for a break - you have been at it for 105 minutes. Five minutes away from the screen now beats twenty minutes of drift later.,105.0,0.20986298522130206,2026-08-18
U038,2026-08-18T11:30:00,focus_nudge,10 min of distraction,Still on track? You have drifted for a few minutes - worth a reset.,135.0,0.17699310219644157,2026-08-18
U038,2026-08-18T11:45:00,focus_nudge,10 min of distraction,Still on track? You have drifted for a few minutes - worth a reset.,150.0,0.2711070332756636,2026-08-18
U038,2026-08-18T12:00:00,break_reminder,focus likely to drop (p=0.29) after 165 min,Time for a break - you have been at it for 165 minutes. Five minutes away from the screen now beats twenty minutes of drift later.,165.0,0.29002372449679764,2026-08-18
U038,2026-08-18T12:20:00,break_reminder,focus likely to drop (p=0.28) after 185 min,Time for a break - you have been at it for 185 minutes. Five minutes away from the screen now beats twenty minutes of drift later.,185.0,0.2750805962179222,2026-08-18
U038,2026-08-18T12:40:00,break_reminder,205 min without a break,Time for a break - you have been at it for 205 minutes. Five minutes away from the screen now beats twenty minutes of drift later.,205.0,0.2750143505659966,2026-08-18
U038,2026-08-18T14:30:00,focus_nudge,10 min of distraction,Still on track? You have drifted for a few minutes - worth a reset.,40.0,0.1736131211766137,2026-08-18
U038,2026-08-18T14:50:00,focus_nudge,10 min of distraction,Still on track? You have drifted for a few minutes - worth a reset.,60.0,0.21858947919968397,2026-08-18
U038,2026-08-18T16:45:00,break_reminder,100 min without a break,Time for a break - you have been at it for 100 minutes. Five minutes away from the screen now beats twenty minutes of drift later.,100.0,0.1751508198537364,2026-08-18
U038,2026-08-19T10:00:00,break_reminder,focus likely to drop (p=0.32) after 40 min,Time for a break - you have been at it for 40 minutes. Five minutes away from the screen now beats twenty minutes of drift later.,40.0,0.3217355172356808,2026-08-19
U038,2026-08-19T14:10:00,focus_nudge,10 min of distraction,Still on track? You have drifted for a few minutes - worth a reset.,17.0,0.23292028180001928,2026-08-19
U038,2026-08-19T15:10:00,focus_nudge,10 min of distraction,Still on track? You have drifted for a few minutes - worth a reset.,77.0,0.5106081908800691,2026-08-19
U038,2026-08-19T16:45:00,break_reminder,focus likely to drop (p=0.26) after 87 min,Time for a break - you have been at it for 87 minutes. Five minutes away from the screen now beats twenty minutes of drift later.,87.0,0.2606128384649895,2026-08-19
U038,2026-08-20T11:35:00,focus_nudge,10 min of distraction,Still on track? You have drifted for a few minutes - worth a reset.,58.0,0.13396589039338475,2026-08-20
U038,2026-08-20T12:20:00,break_reminder,103 min without a break,Time for a break - you have been at it for 103 minutes. Five minutes away from the screen now beats twenty minutes of drift later.,103.0,0.22601692880636334,2026-08-20
U038,2026-08-20T12:35:00,break_reminder,focus likely to drop (p=0.28) after 118 min,Time for a break - you have been at it for 118 minutes. Five minutes away from the screen now beats twenty minutes of drift later.,118.0,0.2790696977137507,2026-08-20
U038,2026-08-20T13:00:00,focus_nudge,10 min of distraction,Still on track? You have drifted for a few minutes - worth a reset.,143.0,0.20551536311367882,2026-08-20
U038,2026-08-20T14:40:00,focus_nudge,10 min of distraction,Still on track? You have drifted for a few minutes - worth a reset.,59.0,0.37667182461462995,2026-08-20
U038,2026-08-20T14:55:00,focus_nudge,25 min of distraction,Still on track? You have drifted for a few minutes - worth a reset.,74.0,0.17551840636519694,2026-08-20
U038,2026-08-20T15:15:00,break_reminder,focus likely to drop (p=0.25) after 94 min,Time for a break - you have been at it for 94 minutes. Five minutes away from the screen now beats twenty minutes of drift later.,94.0,0.25383758644833354,2026-08-20
U038,2026-08-20T15:30:00,break_reminder,109 min without a break,Time for a break - you have been at it for 109 minutes. Five minutes away from the screen now beats twenty minutes of drift later.,109.0,0.24745120182476874,2026-08-20
U038,2026-08-24T10:30:00,break_reminder,focus likely to drop (p=0.44) after 80 min,Time for a break - you have been at it for 80 minutes. Five minutes away from the screen now beats twenty minutes of drift later.,80.0,0.4374614793509754,2026-08-24
U038,2026-08-24T11:20:00,focus_nudge,10 min of distraction,Still on track? You have drifted for a few minutes - worth a reset.,34.0,0.25209128017318744,2026-08-24
U038,2026-08-25T11:20:00,focus_nudge,10 min of distraction,Still on track? You have drifted for a few minutes - worth a reset.,30.0,0.23011555500216124,2026-08-25
U038,2026-08-25T12:30:00,break_reminder,100 min without a break,Time for a break - you have been at it for 100 minutes. Five minutes away from the screen now beats twenty minutes of drift later.,100.0,0.6786941286082345,2026-08-25
U038,2026-08-25T14:20:00,break_reminder,focus likely to drop (p=0.27) after 92 min,Time for a break - you have been at it for 92 minutes. Five minutes away from the screen now beats twenty minutes of drift later.,92.0,0.27216528246609956,2026-08-25
U038,2026-08-25T14:55:00,break_reminder,focus likely to drop (p=0.53) after 22 min,Time for a break - you have been at it for 22 minutes. Five minutes away from the screen now beats twenty minutes of drift later.,22.0,0.533192008775852,2026-08-25
U038,2026-08-25T15:40:00,break_reminder,focus likely to drop (p=0.28) after 67 min,Time for a break - you have been at it for 67 minutes. Five minutes away from the screen now beats twenty minutes of drift later.,67.0,0.2789788135874892,2026-08-25
U038,2026-08-25T16:15:00,break_reminder,102 min without a break,Time for a break - you have been at it for 102 minutes. Five minutes away from the screen now beats twenty minutes of drift later.,102.0,0.1478081941720643,2026-08-25
U038,2026-08-25T16:45:00,focus_nudge,10 min of distraction,Still on track? You have drifted for a few minutes - worth a reset.,132.0,0.42530615558145096,2026-08-25
U038,2026-08-26T14:25:00,focus_nudge,10 min of distraction,Still on track? You have drifted for a few minutes - worth a reset.,58.0,0.3241729944005406,2026-08-26
U038,2026-08-26T14:40:00,focus_nudge,25 min of distraction,Still on track? You have drifted for a few minutes - worth a reset.,73.0,0.38125658154167325,2026-08-26
U038,2026-08-26T15:00:00,focus_nudge,10 min of distraction,Still on track? You have drifted for a few minutes - worth a reset.,93.0,0.5064829110312328,2026-08-26
U038,2026-08-26T17:40:00,focus_nudge,10 min of distraction,Still on track? You have drifted for a few minutes - worth a reset.,72.0,0.2866485719107532,2026-08-26
U038,2026-08-26T18:10:00,break_reminder,102 min without a break,Time for a break - you have been at it for 102 minutes. Five minutes away from the screen now beats twenty minutes of drift later.,102.0,0.13755596516372212,2026-08-26
U038,2026-08-27T11:50:00,focus_nudge,10 min of distraction,Still on track? You have drifted for a few minutes - worth a reset.,92.0,0.30090961540291966,2026-08-27
U038,2026-08-27T15:00:00,break_reminder,focus likely to drop (p=0.25) after 62 min,Time for a break - you have been at it for 62 minutes. Five minutes away from the screen now beats twenty minutes of drift later.,62.0,0.24695892205416775,2026-08-27
U038,2026-08-27T15:20:00,focus_nudge,10 min of distraction,Still on track? You have drifted for a few minutes - worth a reset.,82.0,0.3079078505418286,2026-08-27
U038,2026-08-27T16:30:00,focus_nudge,10 min of distraction,Still on track? You have drifted for a few minutes - worth a reset.,31.0,0.15425949408027462,2026-08-27
U038,2026-08-28T12:15:00,focus_nudge,10 min of distraction,Still on track? You have drifted for a few minutes - worth a reset.,83.0,0.24751922464953424,2026-08-28
U038,2026-08-28T12:35:00,break_reminder,103 min without a break,Time for a break - you have been at it for 103 minutes. Five minutes away from the screen now beats twenty minutes of drift later.,103.0,0.20445078033316627,2026-08-28
U038,2026-08-28T14:15:00,focus_nudge,10 min of distraction,Still on track? You have drifted for a few minutes - worth a reset.,0.0,0.06545758921340203,2026-08-28
U038,2026-08-28T15:50:00,focus_nudge,10 min of distraction,Still on track? You have drifted for a few minutes - worth a reset.,57.0,0.3964581010656868,2026-08-28
U038,2026-08-28T17:35:00,break_reminder,101 min without a break,Time for a break - you have been at it for 101 minutes. Five minutes away from the screen now beats twenty minutes of drift later.,101.0,0.12677006225043733,2026-08-28
